Year,Fullpath,new_file_name,File_name_number,File_name_order,surveyid,site,mange_signs_present,in_color,Season,Year,Sitenum,Site,propbodyvis,propbodyvis,propbodyvismange,propbodyvismange,severity,confidence,notes
2014JA,Z:\TransectTrailCamPics\WI14\DPT\D02-JBS1\D02-JBS1-WI14 (82).JPG,D02-JBS1-WI14 (82).JPG,82,1,D02-JBS1-WI14,D02-JBS1,0,0,Winter,2014,JBS1,JBS,25,0.25,0,0,None,medium,
2014JA,Z:\TransectTrailCamPics\WI14\DPT\D02-JBS1\D02-JBS1-WI14 (152).JPG,D02-JBS1-WI14 (152).JPG,152,2,D02-JBS1-WI14,D02-JBS1,0,1,Winter,2014,JBS1,JBS,20,0.2,0,0,None,high,
2014JA,Z:\TransectTrailCamPics\WI14\DPT\D02-JBS1\D02-JBS1-WI14 (208).JPG,D02-JBS1-WI14 (208).JPG,208,3,D02-JBS1-WI14,D02-JBS1,0,1,Winter,2014,JBS1,JBS,30,0.3,0,0,None,high,
2014JA,Z:\TransectTrailCamPics\WI14\DPT\D02-JBS1\D02-JBS1-WI14 (232).JPG,D02-JBS1-WI14 (232).JPG,232,4,D02-JBS1-WI14,D02-JBS1,0,1,Winter,2014,JBS1,JBS,50,0.5,0,0,None,,
2014JA,Z:\TransectTrailCamPics\WI14\DPT\D02-JBS1\D02-JBS1-WI14 (242).JPG,D02-JBS1-WI14 (242).JPG,242,5,D02-JBS1-WI14,D02-JBS1,0,1,Winter,2014,JBS1,JBS,25,0.25,0,0,None,medium,
2013OC,Z:\TransectTrailCamPics\FA13\DPT\D02-MDU1-FA13\Check\D02-MDU1-FA13 (73).JPG,D02-MDU1-FA13 (73).JPG,73,6,D02-MDU1-FA13,D02-MDU1,0,0,Fall,2013,MDU1,MDU,45,0.45,0,0,None,high,
2013OC,Z:\TransectTrailCamPics\FA13\DPT\D02-MDU1-FA13\Pull\D02-MDU1-FA13 (141).JPG,D02-MDU1-FA13 (141).JPG,141,7,D02-MDU1-FA13,D02-MDU1,0,0,Fall,2013,MDU1,MDU,50,0.5,0,0,None,high,
2013OC,Z:\TransectTrailCamPics\FA13\DPT\D02-MDU1-FA13\Pull\D02-MDU1-FA13 (142).JPG,D02-MDU1-FA13 (142).JPG,142,8,D02-MDU1-FA13,D02-MDU1,0,0,Fall,2013,MDU1,MDU,50,0.5,0,0,None,high,
2013OC,Z:\TransectTrailCamPics\FA13\DPT\D02-MDU1-FA13\Pull\D02-MDU1-FA13 (143).JPG,D02-MDU1-FA13 (143).JPG,143,9,D02-MDU1-FA13,D02-MDU1,0,0,Fall,2013,MDU1,MDU,50,0.5,0,0,None,high,
2013OC,Z:\TransectTrailCamPics\FA13\DPT\D02-MDU1-FA13\Pull\D02-MDU1-FA13 (164).JPG,D02-MDU1-FA13 (164).JPG,164,10,D02-MDU1-FA13,D02-MDU1,0,0,Fall,2013,MDU1,MDU,50,0.5,0,0,None,high,
2014JA,Z:\TransectTrailCamPics\WI14\DPT\D02-MDU1\D02-MDU1-WI14 (15).JPG,D02-MDU1-WI14 (15).JPG,15,11,D02-MDU1-WI14,D02-MDU1,0,0,Winter,2014,MDU1,MDU,50,0.5,0,0,None,high,
2014JA,Z:\TransectTrailCamPics\WI14\DPT\D02-MDU1\D02-MDU1-WI14 (16).JPG,D02-MDU1-WI14 (16).JPG,16,12,D02-MDU1-WI14,D02-MDU1,0,0,Winter,2014,MDU1,MDU,50,0.5,0,0,None,high,
2014JA,Z:\TransectTrailCamPics\WI14\DPT\D02-MDU1\D02-MDU1-WI14 (47).JPG,D02-MDU1-WI14 (47).JPG,47,13,D02-MDU1-WI14,D02-MDU1,0,0,Winter,2014,MDU1,MDU,50,0.5,0,0,None,high,
2014JA,Z:\TransectTrailCamPics\WI14\DPT\D02-MDU1\D02-MDU1-WI14 (60).JPG,D02-MDU1-WI14 (60).JPG,60,14,D02-MDU1-WI14,D02-MDU1,0,0,Winter,2014,MDU1,MDU,50,0.5,0,0,None,high,
2014JA,Z:\TransectTrailCamPics\WI14\DPT\D02-MDU1\D02-MDU1-WI14 (134).JPG,D02-MDU1-WI14 (134).JPG,134,15,D02-MDU1-WI14,D02-MDU1,0,1,Winter,2014,MDU1,MDU,45,0.45,0,0,None,high,
2014JA,Z:\TransectTrailCamPics\WI14\DPT\D02-MDU1\D02-MDU1-WI14 (137).JPG,D02-MDU1-WI14 (137).JPG,137,16,D02-MDU1-WI14,D02-MDU1,0,0,Winter,2014,MDU1,MDU,50,0.5,0,0,None,high,
2013OC,Z:\TransectTrailCamPics\FA13\DPT\D02-RCP1-FA13\Check\D02-RCP1-FA13 (86).JPG,D02-RCP1-FA13 (86).JPG,86,17,D02-RCP1-FA13,D02-RCP1,0,0,Fall,2013,RCP1,RCP,50,0.5,0,0,None,high,
2013OC,Z:\TransectTrailCamPics\FA13\DPT\D02-RCP1-FA13\Check\D02-RCP1-FA13 (87).JPG,D02-RCP1-FA13 (87).JPG,87,18,D02-RCP1-FA13,D02-RCP1,0,0,Fall,2013,RCP1,RCP,50,0.5,0,0,None,high,
2013OC,Z:\TransectTrailCamPics\FA13\DPT\D02-RCP1-FA13\Check\D02-RCP1-FA13 (88).JPG,D02-RCP1-FA13 (88).JPG,88,19,D02-RCP1-FA13,D02-RCP1,0,0,Fall,2013,RCP1,RCP,50,0.5,0,0,None,high,
2013OC,Z:\TransectTrailCamPics\FA13\DPT\D02-RCP1-FA13\Check\D02-RCP1-FA13 (89).JPG,D02-RCP1-FA13 (89).JPG,89,20,D02-RCP1-FA13,D02-RCP1,0,0,Fall,2013,RCP1,RCP,35,0.35,0,0,None,high,
2013OC,Z:\TransectTrailCamPics\FA13\DPT\D02-RCP1-FA13\Check\D02-RCP1-FA13 (90).JPG,D02-RCP1-FA13 (90).JPG,90,21,D02-RCP1-FA13,D02-RCP1,0,0,Fall,2013,RCP1,RCP,35,0.35,0,0,None,high,
2013OC,Z:\TransectTrailCamPics\FA13\DPT\D02-RCP1-FA13\Check\D02-RCP1-FA13 (202).JPG,D02-RCP1-FA13 (202).JPG,202,22,D02-RCP1-FA13,D02-RCP1,0,0,Fall,2013,RCP1,RCP,40,0.4,0,0,None,high,
2013OC,Z:\TransectTrailCamPics\FA13\DPT\D02-RCP1-FA13\Check\D02-RCP1-FA13 (279).JPG,D02-RCP1-FA13 (279).JPG,279,23,D02-RCP1-FA13,D02-RCP1,0,0,Fall,2013,RCP1,RCP,45,0.45,0,0,None,high,
2013OC,Z:\TransectTrailCamPics\FA13\DPT\D02-RCP1-FA13\Check\D02-RCP1-FA13 (326).JPG,D02-RCP1-FA13 (326).JPG,326,24,D02-RCP1-FA13,D02-RCP1,0,0,Fall,2013,RCP1,RCP,35,0.35,0,0,None,high,
2013OC,Z:\TransectTrailCamPics\FA13\DPT\D02-RCP1-FA13\Check\D02-RCP1-FA13 (327).JPG,D02-RCP1-FA13 (327).JPG,327,25,D02-RCP1-FA13,D02-RCP1,0,0,Fall,2013,RCP1,RCP,35,0.35,0,0,None,high,
2013OC,Z:\TransectTrailCamPics\FA13\DPT\D02-RCP1-FA13\Check\D02-RCP1-FA13 (365).JPG,D02-RCP1-FA13 (365).JPG,365,26,D02-RCP1-FA13,D02-RCP1,0,0,Fall,2013,RCP1,RCP,25,0.25,0,0,None,medium,
2013OC,Z:\TransectTrailCamPics\FA13\DPT\D02-RCP1-FA13\Check\D02-RCP1-FA13 (366).JPG,D02-RCP1-FA13 (366).JPG,366,27,D02-RCP1-FA13,D02-RCP1,0,0,Fall,2013,RCP1,RCP,45,0.45,0,0,None,medium,
2013OC,Z:\TransectTrailCamPics\FA13\DPT\D02-RCP1-FA13\Check\D02-RCP1-FA13 (367).JPG,D02-RCP1-FA13 (367).JPG,367,28,D02-RCP1-FA13,D02-RCP1,0,0,Fall,2013,RCP1,RCP,40,0.4,0,0,None,low,
2013OC,Z:\TransectTrailCamPics\FA13\DPT\D02-RCP1-FA13\Check\D02-RCP1-FA13 (368).JPG,D02-RCP1-FA13 (368).JPG,368,29,D02-RCP1-FA13,D02-RCP1,0,0,Fall,2013,RCP1,RCP,50,0.5,0,0,None,high,
2013OC,Z:\TransectTrailCamPics\FA13\DPT\D02-RCP1-FA13\Check\D02-RCP1-FA13 (369).JPG,D02-RCP1-FA13 (369).JPG,369,30,D02-RCP1-FA13,D02-RCP1,0,0,Fall,2013,RCP1,RCP,50,0.5,0,0,None,high,
2013OC,Z:\TransectTrailCamPics\FA13\DPT\D02-RCP1-FA13\Pull\D02-RCP1-FA13 (473).JPG,D02-RCP1-FA13 (473).JPG,473,31,D02-RCP1-FA13,D02-RCP1,0,0,Fall,2013,RCP1,RCP,30,0.3,0,0,None,medium,
2013OC,Z:\TransectTrailCamPics\FA13\DPT\D02-RCP1-FA13\Pull\D02-RCP1-FA13 (474).JPG,D02-RCP1-FA13 (474).JPG,474,32,D02-RCP1-FA13,D02-RCP1,0,0,Fall,2013,RCP1,RCP,45,0.45,0,0,None,medium,
2013OC,Z:\TransectTrailCamPics\FA13\DPT\D02-RCP1-FA13\Pull\D02-RCP1-FA13 (504).JPG,D02-RCP1-FA13 (504).JPG,504,33,D02-RCP1-FA13,D02-RCP1,0,0,Fall,2013,RCP1,RCP,40,0.4,0,0,None,medium,
2013OC,Z:\TransectTrailCamPics\FA13\DPT\D04-DNP1-FA13\Check\D04-DNP1-FA13 (71).JPG,D04-DNP1-FA13 (71).JPG,71,34,D04-DNP1-FA13,D04-DNP1,0,0,Fall,2013,DNP1,DNP,45,0.45,0,0,None,high,
2013OC,Z:\TransectTrailCamPics\FA13\DPT\D04-DNP1-FA13\Check\D04-DNP1-FA13 (240).JPG,D04-DNP1-FA13 (240).JPG,240,35,D04-DNP1-FA13,D04-DNP1,0,0,Fall,2013,DNP1,DNP,45,0.45,0,0,None,high,
2013OC,Z:\TransectTrailCamPics\FA13\DPT\D04-EVC1-FA13\Check\D04-EVC1-FA13 (38).JPG,D04-EVC1-FA13 (38).JPG,38,36,D04-EVC1-FA13,D04-EVC1,0,1,Fall,2013,EVC1,EVC,5,0.05,0,0,None,medium,
2013OC,Z:\TransectTrailCamPics\FA13\DPT\D04-EVC1-FA13\Pull\D04-EVC1-FA13 (233).JPG,D04-EVC1-FA13 (233).JPG,233,37,D04-EVC1-FA13,D04-EVC1,0,0,Fall,2013,EVC1,EVC,40,0.4,0,0,None,medium,
2013OC,Z:\TransectTrailCamPics\FA13\DPT\D04-EVC1-FA13\Pull\D04-EVC1-FA13 (234).JPG,D04-EVC1-FA13 (234).JPG,234,38,D04-EVC1-FA13,D04-EVC1,0,0,Fall,2013,EVC1,EVC,25,0.25,0,0,None,medium,
2014JA,Z:\TransectTrailCamPics\WI14\DPT\D04-EVC1\Pull\D04-EVC1-WI14 (102).JPG,D04-EVC1-WI14 (102).JPG,102,39,D04-EVC1-WI14,D04-EVC1,0,1,Winter,2014,EVC1,EVC,45,0.45,0,0,None,medium,
2014JA,Z:\TransectTrailCamPics\WI14\DPT\D04-ROS1\Pull\D04-ROS1-WI14 (842).JPG,D04-ROS1-WI14 (842).JPG,842,40,D04-ROS1-WI14,D04-ROS1,0,1,Winter,2014,ROS1,ROS,40,0.4,0,0,None,medium,
2014JA,Z:\TransectTrailCamPics\WI14\DPT\D05-PRC1\Check\D05-PRC1-WI14 (26).JPG,D05-PRC1-WI14 (26).JPG,26,41,D05-PRC1-WI14,D05-PRC1,0,0,Winter,2014,PRC1,PRC,50,0.5,0,0,None,medium,
2013OC,Z:\TransectTrailCamPics\FA13\DPT\D07-ASC2-FA13\Check\D07-ASC2-FA13 (81).JPG,D07-ASC2-FA13 (81).JPG,81,42,D07-ASC2-FA13,D07-ASC2,0,0,Fall,2013,ASC2,ASC,50,0.5,0,0,None,medium,
2013OC,Z:\TransectTrailCamPics\FA13\DPT\D07-ASC2-FA13\Check\D07-ASC2-FA13 (82).JPG,D07-ASC2-FA13 (82).JPG,82,43,D07-ASC2-FA13,D07-ASC2,0,0,Fall,2013,ASC2,ASC,50,0.5,0,0,None,medium,
2014JA,Z:\TransectTrailCamPics\WI14\DPT\D07-NOC1\D07-NOC1-WI14 (49).JPG,D07-NOC1-WI14 (49).JPG,49,44,D07-NOC1-WI14,D07-NOC1,0,0,Winter,2014,NOC1,NOC,20,0.2,0,0,None,medium,
2013OC,Z:\TransectTrailCamPics\FA13\DPT\D08-CCC1-FA13\Check\D08-CCC1-FA13 (227).JPG,D08-CCC1-FA13 (227).JPG,227,45,D08-CCC1-FA13,D08-CCC1,0,0,Fall,2013,CCC1,CCC,25,0.25,0,0,None,low,
2013OC,Z:\TransectTrailCamPics\FA13\DPT\D08-CCC1-FA13\Check\D08-CCC1-FA13 (228).JPG,D08-CCC1-FA13 (228).JPG,228,46,D08-CCC1-FA13,D08-CCC1,0,0,Fall,2013,CCC1,CCC,45,0.45,0,0,None,high,
2013OC,Z:\TransectTrailCamPics\FA13\DPT\D08-CCC1-FA13\Check\D08-CCC1-FA13 (232).JPG,D08-CCC1-FA13 (232).JPG,232,47,D08-CCC1-FA13,D08-CCC1,0,0,Fall,2013,CCC1,CCC,25,0.25,0,0,None,high,
2013OC,Z:\TransectTrailCamPics\FA13\DPT\D08-CCC1-FA13\Check\D08-CCC1-FA13 (233).JPG,D08-CCC1-FA13 (233).JPG,233,48,D08-CCC1-FA13,D08-CCC1,0,0,Fall,2013,CCC1,CCC,40,0.4,0,0,None,high,
2013OC,Z:\TransectTrailCamPics\FA13\DPT\D08-CCC1-FA13\Check\D08-CCC1-FA13 (234).JPG,D08-CCC1-FA13 (234).JPG,234,49,D08-CCC1-FA13,D08-CCC1,0,0,Fall,2013,CCC1,CCC,15,0.15,0,0,None,medium,
2013OC,Z:\TransectTrailCamPics\FA13\DPT\D08-CCC1-FA13\Check\D08-CCC1-FA13 (235).JPG,D08-CCC1-FA13 (235).JPG,235,50,D08-CCC1-FA13,D08-CCC1,0,0,Fall,2013,CCC1,CCC,15,0.15,0,0,None,medium,
2013OC,Z:\TransectTrailCamPics\FA13\DPT\D08-CCC1-FA13\Check\D08-CCC1-FA13 (236).JPG,D08-CCC1-FA13 (236).JPG,236,51,D08-CCC1-FA13,D08-CCC1,0,0,Fall,2013,CCC1,CCC,15,0.15,0,0,None,medium,
2013OC,Z:\TransectTrailCamPics\FA13\DPT\D08-CCC1-FA13\Check\D08-CCC1-FA13 (237).JPG,D08-CCC1-FA13 (237).JPG,237,52,D08-CCC1-FA13,D08-CCC1,0,0,Fall,2013,CCC1,CCC,15,0.15,0,0,None,medium,
2013OC,Z:\TransectTrailCamPics\FA13\DPT\D08-CCC1-FA13\Check\D08-CCC1-FA13 (238).JPG,D08-CCC1-FA13 (238).JPG,238,53,D08-CCC1-FA13,D08-CCC1,0,0,Fall,2013,CCC1,CCC,15,0.15,0,0,None,medium,
2013OC,Z:\TransectTrailCamPics\FA13\DPT\D08-CCC1-FA13\Check\D08-CCC1-FA13 (239).JPG,D08-CCC1-FA13 (239).JPG,239,54,D08-CCC1-FA13,D08-CCC1,0,0,Fall,2013,CCC1,CCC,15,0.15,0,0,None,medium,
2013OC,Z:\TransectTrailCamPics\FA13\DPT\D08-CCC1-FA13\Check\D08-CCC1-FA13 (246).JPG,D08-CCC1-FA13 (246).JPG,246,55,D08-CCC1-FA13,D08-CCC1,0,0,Fall,2013,CCC1,CCC,45,0.45,0,0,None,high,
2013OC,Z:\TransectTrailCamPics\FA13\DPT\D08-CCC1-FA13\Check\D08-CCC1-FA13 (248).JPG,D08-CCC1-FA13 (248).JPG,248,56,D08-CCC1-FA13,D08-CCC1,0,0,Fall,2013,CCC1,CCC,10,0.1,0,0,None,low,
2013OC,Z:\TransectTrailCamPics\FA13\DPT\D08-CCC1-FA13\Check\D08-CCC1-FA13 (249).JPG,D08-CCC1-FA13 (249).JPG,249,57,D08-CCC1-FA13,D08-CCC1,0,0,Fall,2013,CCC1,CCC,10,0.1,0,0,None,low,
2013OC,Z:\TransectTrailCamPics\FA13\DPT\D08-CCC1-FA13\Pull\D08-CCC1-FA13 (277).JPG,D08-CCC1-FA13 (277).JPG,277,58,D08-CCC1-FA13,D08-CCC1,0,0,Fall,2013,CCC1,CCC,25,0.25,0,0,None,medium,
2013OC,Z:\TransectTrailCamPics\FA13\DPT\D08-CCC1-FA13\Pull\D08-CCC1-FA13 (278).JPG,D08-CCC1-FA13 (278).JPG,278,59,D08-CCC1-FA13,D08-CCC1,0,0,Fall,2013,CCC1,CCC,15,0.15,0,0,None,medium,
2013OC,Z:\TransectTrailCamPics\FA13\DPT\D08-CCC1-FA13\Pull\D08-CCC1-FA13 (280).JPG,D08-CCC1-FA13 (280).JPG,280,60,D08-CCC1-FA13,D08-CCC1,0,0,Fall,2013,CCC1,CCC,15,0.15,0,0,None,medium,
2013OC,Z:\TransectTrailCamPics\FA13\DPT\D08-CCC1-FA13\Pull\D08-CCC1-FA13 (281).JPG,D08-CCC1-FA13 (281).JPG,281,61,D08-CCC1-FA13,D08-CCC1,0,0,Fall,2013,CCC1,CCC,5,0.05,0,0,None,low,
2013OC,Z:\TransectTrailCamPics\FA13\DPT\D08-CCC1-FA13\Pull\D08-CCC1-FA13 (305).JPG,D08-CCC1-FA13 (305).JPG,305,62,D08-CCC1-FA13,D08-CCC1,0,0,Fall,2013,CCC1,CCC,15,0.15,0,0,None,medium,
2013OC,Z:\TransectTrailCamPics\FA13\DPT\D08-CCC1-FA13\Pull\D08-CCC1-FA13 (351).JPG,D08-CCC1-FA13 (351).JPG,351,63,D08-CCC1-FA13,D08-CCC1,0,0,Fall,2013,CCC1,CCC,35,0.35,0,0,None,high,
2013OC,Z:\TransectTrailCamPics\FA13\DPT\D08-CCC1-FA13\Pull\D08-CCC1-FA13 (366).JPG,D08-CCC1-FA13 (366).JPG,366,64,D08-CCC1-FA13,D08-CCC1,0,0,Fall,2013,CCC1,CCC,35,0.35,0,0,None,low,
2013OC,Z:\TransectTrailCamPics\FA13\DPT\D08-CCC1-FA13\Pull\D08-CCC1-FA13 (369).JPG,D08-CCC1-FA13 (369).JPG,369,65,D08-CCC1-FA13,D08-CCC1,0,0,Fall,2013,CCC1,CCC,35,0.35,0,0,None,low,
2013OC,Z:\TransectTrailCamPics\FA13\DPT\D08-DAW3-FA13\Pull\D08-DAW3-FA13 (75).JPG,D08-DAW3-FA13 (75).JPG,75,66,D08-DAW3-FA13,D08-DAW3,0,0,Fall,2013,DAW3,DAW,50,0.5,0,0,None,high,
2013OC,Z:\TransectTrailCamPics\FA13\DPT\D08-DAW3-FA13\Pull\D08-DAW3-FA13 (94).JPG,D08-DAW3-FA13 (94).JPG,94,67,D08-DAW3-FA13,D08-DAW3,0,0,Fall,2013,DAW3,DAW,50,0.5,0,0,None,low,
2013OC,Z:\TransectTrailCamPics\FA13\DPT\D08-DAW3-FA13\Pull\D08-DAW3-FA13 (96).JPG,D08-DAW3-FA13 (96).JPG,96,68,D08-DAW3-FA13,D08-DAW3,0,0,Fall,2013,DAW3,DAW,50,0.5,0,0,None,high,
2013OC,Z:\TransectTrailCamPics\FA13\DPT\D08-DAW3-FA13\Pull\D08-DAW3-FA13 (104).JPG,D08-DAW3-FA13 (104).JPG,104,69,D08-DAW3-FA13,D08-DAW3,0,1,Fall,2013,DAW3,DAW,45,0.45,0,0,None,high,
2013OC,Z:\TransectTrailCamPics\FA13\DPT\D08-DAW3-FA13\Pull\D08-DAW3-FA13 (105).JPG,D08-DAW3-FA13 (105).JPG,105,70,D08-DAW3-FA13,D08-DAW3,0,1,Fall,2013,DAW3,DAW,10,0.1,0,0,None,high,
2013OC,Z:\TransectTrailCamPics\FA13\DPT\D09-CLG1-FA13\Check\D09-CLG1-FA13 (61).JPG,D09-CLG1-FA13 (61).JPG,61,71,D09-CLG1-FA13,D09-CLG1,0,0,Fall,2013,CLG1,CLG,40,0.4,0,0,None,high,
2013OC,Z:\TransectTrailCamPics\FA13\DPT\D09-CLG1-FA13\Check\D09-CLG1-FA13 (82).JPG,D09-CLG1-FA13 (82).JPG,82,72,D09-CLG1-FA13,D09-CLG1,0,0,Fall,2013,CLG1,CLG,10,0.1,0,0,None,high,
2013OC,Z:\TransectTrailCamPics\FA13\DPT\D09-CLG1-FA13\Pull\D09-CLG1-FA13 (150).JPG,D09-CLG1-FA13 (150).JPG,150,73,D09-CLG1-FA13,D09-CLG1,0,0,Fall,2013,CLG1,CLG,50,0.5,0,0,None,high,
2013OC,Z:\TransectTrailCamPics\FA13\DPT\D09-CLG1-FA13\Pull\D09-CLG1-FA13 (167).JPG,D09-CLG1-FA13 (167).JPG,167,74,D09-CLG1-FA13,D09-CLG1,0,0,Fall,2013,CLG1,CLG,40,0.4,0,0,None,high,
2013OC,Z:\TransectTrailCamPics\FA13\DPT\D09-CLG1-FA13\Pull\D09-CLG1-FA13 (168).JPG,D09-CLG1-FA13 (168).JPG,168,75,D09-CLG1-FA13,D09-CLG1,0,0,Fall,2013,CLG1,CLG,40,0.4,0,0,None,high,
2014JA,Z:\TransectTrailCamPics\WI14\DPT\D09-CLG1\D09-CLG1-WI14 (12).JPG,D09-CLG1-WI14 (12).JPG,12,76,D09-CLG1-WI14,D09-CLG1,0,0,Winter,2014,CLG1,CLG,30,0.3,0,0,None,medium,
2013OC,Z:\TransectTrailCamPics\FA13\DPT\D10-CAN1-FA13\Pull\D10-CAN1-FA13 (64).JPG,D10-CAN1-FA13 (64).JPG,64,77,D10-CAN1-FA13,D10-CAN1,0,0,Fall,2013,CAN1,CAN,45,0.45,0,0,None,medium,
2013OC,Z:\TransectTrailCamPics\FA13\DPT\D10-CAN1-FA13\Pull\D10-CAN1-FA13 (65).JPG,D10-CAN1-FA13 (65).JPG,65,78,D10-CAN1-FA13,D10-CAN1,0,0,Fall,2013,CAN1,CAN,25,0.25,0,0,None,medium,
2013OC,Z:\TransectTrailCamPics\FA13\DPT\D10-CAN1-FA13\Pull\D10-CAN1-FA13 (67).JPG,D10-CAN1-FA13 (67).JPG,67,79,D10-CAN1-FA13,D10-CAN1,0,0,Fall,2013,CAN1,CAN,45,0.45,0,0,None,high,
2013OC,Z:\TransectTrailCamPics\FA13\DPT\D10-CAN1-FA13\Pull\D10-CAN1-FA13 (73).JPG,D10-CAN1-FA13 (73).JPG,73,80,D10-CAN1-FA13,D10-CAN1,0,0,Fall,2013,CAN1,CAN,45,0.45,0,0,None,high,
2013OC,Z:\TransectTrailCamPics\FA13\DPT\D10-CAN1-FA13\Pull\D10-CAN1-FA13 (97).JPG,D10-CAN1-FA13 (97).JPG,97,81,D10-CAN1-FA13,D10-CAN1,0,0,Fall,2013,CAN1,CAN,45,0.45,0,0,None,high,
2013OC,Z:\TransectTrailCamPics\FA13\DPT\D10-CAN1-FA13\Pull\D10-CAN1-FA13 (98).JPG,D10-CAN1-FA13 (98).JPG,98,82,D10-CAN1-FA13,D10-CAN1,0,0,Fall,2013,CAN1,CAN,5,0.05,0,0,None,medium,
2013OC,Z:\TransectTrailCamPics\FA13\DPT\D10-VHC1-FA13\Check\D10-VHC1-FA13 (53).JPG,D10-VHC1-FA13 (53).JPG,53,83,D10-VHC1-FA13,D10-VHC1,1,0,Fall,2013,VHC1,VHC,10,0.1,2,0.02,Mild,low,
2013OC,Z:\TransectTrailCamPics\FA13\JNT\J01-BBS1-FA13\Check\J01-BBS1-FA13 (15).JPG,J01-BBS1-FA13 (15).JPG,15,84,J01-BBS1-FA13,J01-BBS1,0,0,Fall,2013,BBS1,BBS,35,0.35,0,0,None,medium,
2013OC,Z:\TransectTrailCamPics\FA13\JNT\J01-BBS1-FA13\Check\J01-BBS1-FA13 (16).JPG,J01-BBS1-FA13 (16).JPG,16,85,J01-BBS1-FA13,J01-BBS1,0,0,Fall,2013,BBS1,BBS,45,0.45,0,0,None,medium,
2013OC,Z:\TransectTrailCamPics\FA13\JNT\J01-BBS1-FA13\Check\J01-BBS1-FA13 (45).JPG,J01-BBS1-FA13 (45).JPG,45,86,J01-BBS1-FA13,J01-BBS1,0,0,Fall,2013,BBS1,BBS,50,0.5,0,0,None,low,
2014JA,Z:\TransectTrailCamPics\WI14\JNT\J01-BBS1\Check\J01-BBS1-WI14 (7).JPG,J01-BBS1-WI14 (7).JPG,7,87,J01-BBS1-WI14,J01-BBS1,0,0,Winter,2014,BBS1,BBS,45,0.45,0,0,None,medium,
2014JA,Z:\TransectTrailCamPics\WI14\JNT\J01-BBS1\Check\J01-BBS1-WI14 (8).JPG,J01-BBS1-WI14 (8).JPG,8,88,J01-BBS1-WI14,J01-BBS1,0,0,Winter,2014,BBS1,BBS,50,0.5,0,0,None,medium,
2014JA,Z:\TransectTrailCamPics\WI14\JNT\J01-BBS1\Check\J01-BBS1-WI14 (9).JPG,J01-BBS1-WI14 (9).JPG,9,89,J01-BBS1-WI14,J01-BBS1,0,0,Winter,2014,BBS1,BBS,40,0.4,0,0,None,medium,
2014JA,Z:\TransectTrailCamPics\WI14\JNT\J01-BBS1\Check\J01-BBS1-WI14 (10).JPG,J01-BBS1-WI14 (10).JPG,10,90,J01-BBS1-WI14,J01-BBS1,0,0,Winter,2014,BBS1,BBS,50,0.5,0,0,None,medium,
2014JA,Z:\TransectTrailCamPics\WI14\JNT\J01-BBS1\Check\J01-BBS1-WI14 (11).JPG,J01-BBS1-WI14 (11).JPG,11,91,J01-BBS1-WI14,J01-BBS1,0,0,Winter,2014,BBS1,BBS,25,0.25,0,0,None,medium,
2014JA,Z:\TransectTrailCamPics\WI14\JNT\J01-BBS1\Check\J01-BBS1-WI14 (12).JPG,J01-BBS1-WI14 (12).JPG,12,92,J01-BBS1-WI14,J01-BBS1,0,0,Winter,2014,BBS1,BBS,50,0.5,0,0,None,low,
2014JA,Z:\TransectTrailCamPics\WI14\JNT\J01-BBS1\Check\J01-BBS1-WI14 (13).JPG,J01-BBS1-WI14 (13).JPG,13,93,J01-BBS1-WI14,J01-BBS1,0,0,Winter,2014,BBS1,BBS,25,0.25,0,0,None,low,
2014JA,Z:\TransectTrailCamPics\WI14\JNT\J01-BBS1\Check\J01-BBS1-WI14 (16).JPG,J01-BBS1-WI14 (16).JPG,16,94,J01-BBS1-WI14,J01-BBS1,0,0,Winter,2014,BBS1,BBS,45,0.45,0,0,None,medium,
2014JA,Z:\TransectTrailCamPics\WI14\RST\R03-CPG1\Check\R02-CPG1-WI14 (16).JPG,R02-CPG1-WI14 (16).JPG,16,95,R02-CPG1-WI14,R02-CPG1,0,0,Winter,2014,CPG1,CPG,40,0.4,0,0,None,medium,
2014JA,Z:\TransectTrailCamPics\WI14\RST\R03-CPG1\Check\R02-CPG1-WI14 (18).JPG,R02-CPG1-WI14 (18).JPG,18,96,R02-CPG1-WI14,R02-CPG1,1,1,Winter,2014,CPG1,CPG,50,0.5,5,0.05,Mild,medium,
2014JA,Z:\TransectTrailCamPics\WI14\RST\R03-CPG1\Check\R02-CPG1-WI14 (19).JPG,R02-CPG1-WI14 (19).JPG,19,97,R02-CPG1-WI14,R02-CPG1,1,1,Winter,2014,CPG1,CPG,50,0.5,5,0.05,Mild,medium,
2014JA,Z:\TransectTrailCamPics\WI14\RST\R03-CPG1\Check\R02-CPG1-WI14 (23).JPG,R02-CPG1-WI14 (23).JPG,23,98,R02-CPG1-WI14,R02-CPG1,0,1,Winter,2014,CPG1,CPG,50,0.5,0,0,None,medium,
2013OC,Z:\TransectTrailCamPics\FA13\RST\R03-AUP1-FA13\Check\R03-AUP1-FA13 (65).JPG,R03-AUP1-FA13 (65).JPG,65,99,R03-AUP1-FA13,R03-AUP1,0,0,Fall,2013,AUP1,AUP,45,0.45,0,0,None,medium,
2013OC,Z:\TransectTrailCamPics\FA13\RST\R03-AUP1-FA13\Check\R03-AUP1-FA13 (83).JPG,R03-AUP1-FA13 (83).JPG,83,100,R03-AUP1-FA13,R03-AUP1,0,0,Fall,2013,AUP1,AUP,30,0.3,0,0,None,medium,
2013OC,Z:\TransectTrailCamPics\FA13\RST\R03-AUP1-FA13\Check\R03-AUP1-FA13 (85).JPG,R03-AUP1-FA13 (85).JPG,85,101,R03-AUP1-FA13,R03-AUP1,0,1,Fall,2013,AUP1,AUP,25,0.25,0,0,None,medium,
2013OC,Z:\TransectTrailCamPics\FA13\RST\R03-CPG1-FA13\Check\R03-CPG1-FA13 (18).JPG,R03-CPG1-FA13 (18).JPG,18,102,R03-CPG1-FA13,R03-CPG1,0,1,Fall,2013,CPG1,CPG,25,0.25,0,0,None,medium,
2013OC,Z:\TransectTrailCamPics\FA13\RST\R03-CPG1-FA13\Check\R03-CPG1-FA13 (19).JPG,R03-CPG1-FA13 (19).JPG,19,103,R03-CPG1-FA13,R03-CPG1,0,0,Fall,2013,CPG1,CPG,25,0.25,0,0,None,low,
2013OC,Z:\TransectTrailCamPics\FA13\RST\R03-CPG1-FA13\Check\R03-CPG1-FA13 (20).JPG,R03-CPG1-FA13 (20).JPG,20,104,R03-CPG1-FA13,R03-CPG1,1,0,Fall,2013,CPG1,CPG,50,0.5,5,0.05,Mild,medium,
2013OC,Z:\TransectTrailCamPics\FA13\RST\R03-CPG1-FA13\Check\R03-CPG1-FA13 (21).JPG,R03-CPG1-FA13 (21).JPG,21,105,R03-CPG1-FA13,R03-CPG1,0,0,Fall,2013,CPG1,CPG,25,0.25,0,0,None,high,
2013OC,Z:\TransectTrailCamPics\FA13\RST\R03-CPG1-FA13\Check\R03-CPG1-FA13 (22).JPG,R03-CPG1-FA13 (22).JPG,22,106,R03-CPG1-FA13,R03-CPG1,0,0,Fall,2013,CPG1,CPG,50,0.5,0,0,None,high,
2013OC,Z:\TransectTrailCamPics\FA13\RST\R03-CPG1-FA13\Check\R03-CPG1-FA13 (23).JPG,R03-CPG1-FA13 (23).JPG,23,107,R03-CPG1-FA13,R03-CPG1,1,0,Fall,2013,CPG1,CPG,50,0.5,5,0.05,Mild,high,
2013OC,Z:\TransectTrailCamPics\FA13\RST\R03-CPG1-FA13\Check\R03-CPG1-FA13 (26).JPG,R03-CPG1-FA13 (26).JPG,26,108,R03-CPG1-FA13,R03-CPG1,0,0,Fall,2013,CPG1,CPG,25,0.25,0,0,None,medium,
2013OC,Z:\TransectTrailCamPics\FA13\RST\R03-CPG1-FA13\Check\R03-CPG1-FA13 (200).JPG,R03-CPG1-FA13 (200).JPG,200,109,R03-CPG1-FA13,R03-CPG1,0,0,Fall,2013,CPG1,CPG,45,0.45,0,0,None,medium,
2013OC,Z:\TransectTrailCamPics\FA13\RST\R03-CPG1-FA13\Check\R03-CPG1-FA13 (436).JPG,R03-CPG1-FA13 (436).JPG,436,110,R03-CPG1-FA13,R03-CPG1,1,0,Fall,2013,CPG1,CPG,50,0.5,5,0.05,Mild,high,
2013OC,Z:\TransectTrailCamPics\FA13\RST\R03-CPG1-FA13\Check\R03-CPG1-FA13 (437).JPG,R03-CPG1-FA13 (437).JPG,437,111,R03-CPG1-FA13,R03-CPG1,0,0,Fall,2013,CPG1,CPG,50,0.5,0,0,None,high,
2013OC,Z:\TransectTrailCamPics\FA13\RST\R03-CPG1-FA13\Check\R03-CPG1-FA13 (561).JPG,R03-CPG1-FA13 (561).JPG,561,112,R03-CPG1-FA13,R03-CPG1,1,0,Fall,2013,CPG1,CPG,30,0.3,5,0.05,Mild,high,
2013OC,Z:\TransectTrailCamPics\FA13\RST\R03-CPG1-FA13\Check\R03-CPG1-FA13 (597).JPG,R03-CPG1-FA13 (597).JPG,597,113,R03-CPG1-FA13,R03-CPG1,0,0,Fall,2013,CPG1,CPG,45,0.45,0,0,None,high,
2013OC,Z:\TransectTrailCamPics\FA13\RST\R03-CPG1-FA13\Check\R03-CPG1-FA13 (598).JPG,R03-CPG1-FA13 (598).JPG,598,114,R03-CPG1-FA13,R03-CPG1,0,0,Fall,2013,CPG1,CPG,50,0.5,0,0,None,high,
2013OC,Z:\TransectTrailCamPics\FA13\RST\R03-CPG1-FA13\Check\R03-CPG1-FA13 (599).JPG,R03-CPG1-FA13 (599).JPG,599,115,R03-CPG1-FA13,R03-CPG1,0,0,Fall,2013,CPG1,CPG,35,0.35,0,0,None,high,
2013OC,Z:\TransectTrailCamPics\FA13\RST\R03-CPG1-FA13\Check\R03-CPG1-FA13 (813).JPG,R03-CPG1-FA13 (813).JPG,813,116,R03-CPG1-FA13,R03-CPG1,1,0,Fall,2013,CPG1,CPG,35,0.35,5,0.05,Mild,high,
2013OC,Z:\TransectTrailCamPics\FA13\RST\R03-CPG1-FA13\Check\R03-CPG1-FA13 (814).JPG,R03-CPG1-FA13 (814).JPG,814,117,R03-CPG1-FA13,R03-CPG1,0,0,Fall,2013,CPG1,CPG,45,0.45,0,0,None,high,
2013OC,Z:\TransectTrailCamPics\FA13\RST\R03-CPG1-FA13\Check\R03-CPG1-FA13 (873).JPG,R03-CPG1-FA13 (873).JPG,873,118,R03-CPG1-FA13,R03-CPG1,0,0,Fall,2013,CPG1,CPG,35,0.35,0,0,None,medium,
2013OC,Z:\TransectTrailCamPics\FA13\RST\R03-CPG1-FA13\Pull\R03-CPG1-FA13 (901).JPG,R03-CPG1-FA13 (901).JPG,901,119,R03-CPG1-FA13,R03-CPG1,0,0,Fall,2013,CPG1,CPG,40,0.4,0,0,None,high,
2013OC,Z:\TransectTrailCamPics\FA13\RST\R03-CPG1-FA13\Pull\R03-CPG1-FA13 (902).JPG,R03-CPG1-FA13 (902).JPG,902,120,R03-CPG1-FA13,R03-CPG1,0,0,Fall,2013,CPG1,CPG,40,0.4,0,0,None,medium,
2013OC,Z:\TransectTrailCamPics\FA13\RST\R03-CPG1-FA13\Pull\R03-CPG1-FA13 (903).JPG,R03-CPG1-FA13 (903).JPG,903,121,R03-CPG1-FA13,R03-CPG1,0,0,Fall,2013,CPG1,CPG,50,0.5,0,0,None,medium,
2013OC,Z:\TransectTrailCamPics\FA13\RST\R03-CPG1-FA13\Pull\R03-CPG1-FA13 (904).JPG,R03-CPG1-FA13 (904).JPG,904,122,R03-CPG1-FA13,R03-CPG1,0,0,Fall,2013,CPG1,CPG,50,0.5,0,0,None,high,
2013OC,Z:\TransectTrailCamPics\FA13\RST\R03-CPG1-FA13\Pull\R03-CPG1-FA13 (906).JPG,R03-CPG1-FA13 (906).JPG,906,123,R03-CPG1-FA13,R03-CPG1,0,0,Fall,2013,CPG1,CPG,10,0.1,0,0,None,medium,
2013OC,Z:\TransectTrailCamPics\FA13\RST\R03-CPG1-FA13\Pull\R03-CPG1-FA13 (907).JPG,R03-CPG1-FA13 (907).JPG,907,124,R03-CPG1-FA13,R03-CPG1,0,0,Fall,2013,CPG1,CPG,50,0.5,0,0,None,high,
2013OC,Z:\TransectTrailCamPics\FA13\RST\R03-CPG1-FA13\Pull\R03-CPG1-FA13 (908).JPG,R03-CPG1-FA13 (908).JPG,908,125,R03-CPG1-FA13,R03-CPG1,0,0,Fall,2013,CPG1,CPG,45,0.45,0,0,None,high,
2013OC,Z:\TransectTrailCamPics\FA13\RST\R03-CPG1-FA13\Pull\R03-CPG1-FA13 (909).JPG,R03-CPG1-FA13 (909).JPG,909,126,R03-CPG1-FA13,R03-CPG1,0,0,Fall,2013,CPG1,CPG,25,0.25,0,0,None,high,
2013OC,Z:\TransectTrailCamPics\FA13\RST\R03-CPG1-FA13\Pull\R03-CPG1-FA13 (910).JPG,R03-CPG1-FA13 (910).JPG,910,127,R03-CPG1-FA13,R03-CPG1,0,0,Fall,2013,CPG1,CPG,45,0.45,0,0,None,high,
2013OC,Z:\TransectTrailCamPics\FA13\RST\R03-CPG1-FA13\Pull\R03-CPG1-FA13 (911).JPG,R03-CPG1-FA13 (911).JPG,911,128,R03-CPG1-FA13,R03-CPG1,0,0,Fall,2013,CPG1,CPG,50,0.5,0,0,None,high,
2013OC,Z:\TransectTrailCamPics\FA13\RST\R03-CPG1-FA13\Pull\R03-CPG1-FA13 (912).JPG,R03-CPG1-FA13 (912).JPG,912,129,R03-CPG1-FA13,R03-CPG1,0,0,Fall,2013,CPG1,CPG,35,0.35,0,0,None,medium,
2013OC,Z:\TransectTrailCamPics\FA13\RST\R03-CPG1-FA13\Pull\R03-CPG1-FA13 (915).JPG,R03-CPG1-FA13 (915).JPG,915,130,R03-CPG1-FA13,R03-CPG1,0,0,Fall,2013,CPG1,CPG,40,0.4,0,0,None,medium,
2013OC,Z:\TransectTrailCamPics\FA13\RST\R03-CPG1-FA13\Pull\R03-CPG1-FA13 (931).JPG,R03-CPG1-FA13 (931).JPG,931,131,R03-CPG1-FA13,R03-CPG1,0,0,Fall,2013,CPG1,CPG,35,0.35,0,0,None,medium,
2013OC,Z:\TransectTrailCamPics\FA13\RST\R03-CPG1-FA13\Pull\R03-CPG1-FA13 (932).JPG,R03-CPG1-FA13 (932).JPG,932,132,R03-CPG1-FA13,R03-CPG1,0,0,Fall,2013,CPG1,CPG,45,0.45,0,0,None,high,
2013OC,Z:\TransectTrailCamPics\FA13\RST\R03-CPG1-FA13\Pull\R03-CPG1-FA13 (1190).JPG,R03-CPG1-FA13 (1190).JPG,1190,133,R03-CPG1-FA13,R03-CPG1,0,0,Fall,2013,CPG1,CPG,30,0.3,0,0,None,medium,
2013OC,Z:\TransectTrailCamPics\FA13\RST\R03-CPG1-FA13\Pull\R03-CPG1-FA13 (1191).JPG,R03-CPG1-FA13 (1191).JPG,1191,134,R03-CPG1-FA13,R03-CPG1,0,0,Fall,2013,CPG1,CPG,25,0.25,0,0,None,medium,
2013OC,Z:\TransectTrailCamPics\FA13\RST\R04-MMW2-FA13\Check\R04-MMW2-FA13 (19).JPG,R04-MMW2-FA13 (19).JPG,19,135,R04-MMW2-FA13,R04-MMW2,0,0,Fall,2013,MMW2,MMW,50,0.5,0,0,None,medium,
2013OC,Z:\TransectTrailCamPics\FA13\RST\R05-FMG1-FA13\Check\R05-FMG1-FA13 (14).JPG,R05-FMG1-FA13 (14).JPG,14,136,R05-FMG1-FA13,R05-FMG1,0,0,Fall,2013,FMG1,FMG,40,0.4,0,0,None,medium,
2013OC,Z:\TransectTrailCamPics\FA13\RST\R05-FMG1-FA13\Check\R05-FMG1-FA13 (15).JPG,R05-FMG1-FA13 (15).JPG,15,137,R05-FMG1-FA13,R05-FMG1,0,0,Fall,2013,FMG1,FMG,50,0.5,0,0,None,medium,
2013OC,Z:\TransectTrailCamPics\FA13\RST\R05-MTC1-FA13\Check\R05-MTC1-FA13 (14).JPG,R05-MTC1-FA13 (14).JPG,14,138,R05-MTC1-FA13,R05-MTC1,0,0,Fall,2013,MTC1,MTC,20,0.2,0,0,None,medium,
2013OC,Z:\TransectTrailCamPics\FA13\RST\R05-MTC1-FA13\Check\R05-MTC1-FA13 (15).JPG,R05-MTC1-FA13 (15).JPG,15,139,R05-MTC1-FA13,R05-MTC1,0,0,Fall,2013,MTC1,MTC,10,0.1,0,0,None,medium,
2013OC,Z:\TransectTrailCamPics\FA13\RST\R05-MTC1-FA13\Check\R05-MTC1-FA13 (16).JPG,R05-MTC1-FA13 (16).JPG,16,140,R05-MTC1-FA13,R05-MTC1,0,0,Fall,2013,MTC1,MTC,20,0.2,0,0,None,medium,
2013OC,Z:\TransectTrailCamPics\FA13\RST\R05-MTC1-FA13\Check\R05-MTC1-FA13 (19).JPG,R05-MTC1-FA13 (19).JPG,19,141,R05-MTC1-FA13,R05-MTC1,0,0,Fall,2013,MTC1,MTC,40,0.4,0,0,None,medium,
2013OC,Z:\TransectTrailCamPics\FA13\RST\R05-MTC1-FA13\Check\R05-MTC1-FA13 (20).JPG,R05-MTC1-FA13 (20).JPG,20,142,R05-MTC1-FA13,R05-MTC1,0,1,Fall,2013,MTC1,MTC,45,0.45,0,0,None,high,
2013OC,Z:\TransectTrailCamPics\FA13\RST\R05-MTC1-FA13\Pull\R05-MTC1-FA13 (35).JPG,R05-MTC1-FA13 (35).JPG,35,143,R05-MTC1-FA13,R05-MTC1,0,0,Fall,2013,MTC1,MTC,25,0.25,0,0,None,medium,
2013OC,Z:\TransectTrailCamPics\FA13\RST\R05-MTC1-FA13\Pull\R05-MTC1-FA13 (36).JPG,R05-MTC1-FA13 (36).JPG,36,144,R05-MTC1-FA13,R05-MTC1,0,0,Fall,2013,MTC1,MTC,50,0.5,0,0,None,high,
2013OC,Z:\TransectTrailCamPics\FA13\RST\R05-MTC1-FA13\Pull\R05-MTC1-FA13 (37).JPG,R05-MTC1-FA13 (37).JPG,37,145,R05-MTC1-FA13,R05-MTC1,0,0,Fall,2013,MTC1,MTC,50,0.5,0,0,None,medium,
2013OC,Z:\TransectTrailCamPics\FA13\RST\R05-MTC1-FA13\Pull\R05-MTC1-FA13 (38).JPG,R05-MTC1-FA13 (38).JPG,38,146,R05-MTC1-FA13,R05-MTC1,0,0,Fall,2013,MTC1,MTC,15,0.15,0,0,None,medium,
2013OC,Z:\TransectTrailCamPics\FA13\RST\R05-MTC1-FA13\Pull\R05-MTC1-FA13 (40).JPG,R05-MTC1-FA13 (40).JPG,40,147,R05-MTC1-FA13,R05-MTC1,0,1,Fall,2013,MTC1,MTC,45,0.45,0,0,None,high,
2013OC,Z:\TransectTrailCamPics\FA13\RST\R05-MTC1-FA13\Pull\R05-MTC1-FA13 (42).JPG,R05-MTC1-FA13 (42).JPG,42,148,R05-MTC1-FA13,R05-MTC1,0,0,Fall,2013,MTC1,MTC,15,0.15,0,0,None,medium,
2013OC,Z:\TransectTrailCamPics\FA13\RST\R05-MTC1-FA13\Pull\R05-MTC1-FA13 (43).JPG,R05-MTC1-FA13 (43).JPG,43,149,R05-MTC1-FA13,R05-MTC1,0,0,Fall,2013,MTC1,MTC,50,0.5,0,0,None,high,
2013OC,Z:\TransectTrailCamPics\FA13\RST\R05-MTC1-FA13\Pull\R05-MTC1-FA13 (44).JPG,R05-MTC1-FA13 (44).JPG,44,150,R05-MTC1-FA13,R05-MTC1,0,0,Fall,2013,MTC1,MTC,5,0.05,0,0,None,medium,
2013OC,Z:\TransectTrailCamPics\FA13\RST\R05-MTC1-FA13\Pull\R05-MTC1-FA13 (45).JPG,R05-MTC1-FA13 (45).JPG,45,151,R05-MTC1-FA13,R05-MTC1,0,0,Fall,2013,MTC1,MTC,40,0.4,0,0,None,medium,
2014JA,Z:\TransectTrailCamPics\WI14\RST\R05-MTC1\Check\R05-MTC1-WI14 (10).JPG,R05-MTC1-WI14 (10).JPG,10,152,R05-MTC1-WI14,R05-MTC1,0,0,Winter,2014,MTC1,MTC,45,0.45,0,0,None,medium,
2014JA,Z:\TransectTrailCamPics\WI14\RST\R05-MTC1\Check\R05-MTC1-WI14 (12).JPG,R05-MTC1-WI14 (12).JPG,12,153,R05-MTC1-WI14,R05-MTC1,0,0,Winter,2014,MTC1,MTC,50,0.5,0,0,None,medium,
2014JA,Z:\TransectTrailCamPics\WI14\RST\R05-MTC1\Check\R05-MTC1-WI14 (13).JPG,R05-MTC1-WI14 (13).JPG,13,154,R05-MTC1-WI14,R05-MTC1,0,0,Winter,2014,MTC1,MTC,45,0.45,0,0,None,medium,
2014JA,Z:\TransectTrailCamPics\WI14\RST\R05-MTC1\Check\R05-MTC1-WI14 (14).JPG,R05-MTC1-WI14 (14).JPG,14,155,R05-MTC1-WI14,R05-MTC1,0,0,Winter,2014,MTC1,MTC,45,0.45,0,0,None,medium,
2014JA,Z:\TransectTrailCamPics\WI14\RST\R05-MTC1\Check\R05-MTC1-WI14 (18).JPG,R05-MTC1-WI14 (18).JPG,18,156,R05-MTC1-WI14,R05-MTC1,0,1,Winter,2014,MTC1,MTC,50,0.5,5,0.05,None,medium,
2014JA,Z:\TransectTrailCamPics\WI14\RST\R05-MTC1\Check\R05-MTC1-WI14 (19).JPG,R05-MTC1-WI14 (19).JPG,19,157,R05-MTC1-WI14,R05-MTC1,0,0,Winter,2014,MTC1,MTC,45,0.45,0,0,None,medium,
2014JA,Z:\TransectTrailCamPics\WI14\RST\R05-MTC1\Check\R05-MTC1-WI14 (21).JPG,R05-MTC1-WI14 (21).JPG,21,158,R05-MTC1-WI14,R05-MTC1,0,0,Winter,2014,MTC1,MTC,50,0.5,0,0,None,high,
2014JA,Z:\TransectTrailCamPics\WI14\RST\R05-MTC1\Check\R05-MTC1-WI14 (22).JPG,R05-MTC1-WI14 (22).JPG,22,159,R05-MTC1-WI14,R05-MTC1,0,0,Winter,2014,MTC1,MTC,45,0.45,0,0,None,high,
2014JA,Z:\TransectTrailCamPics\WI14\RST\R05-MTC1\Pull\R05-MTC1-WI14 (30).JPG,R05-MTC1-WI14 (30).JPG,30,160,R05-MTC1-WI14,R05-MTC1,0,0,Winter,2014,MTC1,MTC,25,0.25,0,0,None,high,
2014JA,Z:\TransectTrailCamPics\WI14\RST\R05-MTC1\Pull\R05-MTC1-WI14 (31).JPG,R05-MTC1-WI14 (31).JPG,31,161,R05-MTC1-WI14,R05-MTC1,0,0,Winter,2014,MTC1,MTC,40,0.4,0,0,None,high,
2014JA,Z:\TransectTrailCamPics\WI14\RST\R05-MTC1\Pull\R05-MTC1-WI14 (33).JPG,R05-MTC1-WI14 (33).JPG,33,162,R05-MTC1-WI14,R05-MTC1,0,0,Winter,2014,MTC1,MTC,10,0.1,0,0,None,low,
2013OC,Z:\TransectTrailCamPics\FA13\RST\R06-OTB1-FA13\Check\R06-OTB1-FA13 (22).JPG,R06-OTB1-FA13 (22).JPG,22,163,R06-OTB1-FA13,R06-OTB1,0,0,Fall,2013,OTB1,OTB,45,0.45,0,0,None,low,
2013OC,Z:\TransectTrailCamPics\FA13\RST\R06-OTB1-FA13\Check\R06-OTB1-FA13 (23).JPG,R06-OTB1-FA13 (23).JPG,23,164,R06-OTB1-FA13,R06-OTB1,0,0,Fall,2013,OTB1,OTB,45,0.45,0,0,None,low,
2013OC,Z:\TransectTrailCamPics\FA13\RST\R06-OTB1-FA13\Check\R06-OTB1-FA13 (24).JPG,R06-OTB1-FA13 (24).JPG,24,165,R06-OTB1-FA13,R06-OTB1,0,0,Fall,2013,OTB1,OTB,50,0.5,0,0,None,medium,
2013OC,Z:\TransectTrailCamPics\FA13\RST\R06-OTB1-FA13\Check\R06-OTB1-FA13 (25).JPG,R06-OTB1-FA13 (25).JPG,25,166,R06-OTB1-FA13,R06-OTB1,0,0,Fall,2013,OTB1,OTB,5,0.05,0,0,None,medium,
2013OC,Z:\TransectTrailCamPics\FA13\RST\R06-OTB1-FA13\Check\R06-OTB1-FA13 (27).JPG,R06-OTB1-FA13 (27).JPG,27,167,R06-OTB1-FA13,R06-OTB1,0,0,Fall,2013,OTB1,OTB,30,0.3,0,0,None,high,
2013OC,Z:\TransectTrailCamPics\FA13\RST\R06-OTB1-FA13\Check\R06-OTB1-FA13 (29).JPG,R06-OTB1-FA13 (29).JPG,29,168,R06-OTB1-FA13,R06-OTB1,0,0,Fall,2013,OTB1,OTB,30,0.3,0,0,None,medium,
2013OC,Z:\TransectTrailCamPics\FA13\RST\R06-OTB1-FA13\Check\R06-OTB1-FA13 (30).JPG,R06-OTB1-FA13 (30).JPG,30,169,R06-OTB1-FA13,R06-OTB1,0,0,Fall,2013,OTB1,OTB,50,0.5,0,0,None,medium,
2013OC,Z:\TransectTrailCamPics\FA13\RST\R06-OTB1-FA13\Check\R06-OTB1-FA13 (43).JPG,R06-OTB1-FA13 (43).JPG,43,170,R06-OTB1-FA13,R06-OTB1,0,0,Fall,2013,OTB1,OTB,35,0.35,0,0,None,medium,
2013OC,Z:\TransectTrailCamPics\FA13\RST\R06-OTB1-FA13\Check\R06-OTB1-FA13 (44).JPG,R06-OTB1-FA13 (44).JPG,44,171,R06-OTB1-FA13,R06-OTB1,0,0,Fall,2013,OTB1,OTB,20,0.2,0,0,None,medium,
2013OC,Z:\TransectTrailCamPics\FA13\RST\R06-OTB1-FA13\Check\R06-OTB1-FA13 (96).JPG,R06-OTB1-FA13 (96).JPG,96,172,R06-OTB1-FA13,R06-OTB1,0,0,Fall,2013,OTB1,OTB,25,0.25,0,0,None,medium,
2013OC,Z:\TransectTrailCamPics\FA13\RST\R06-OTB1-FA13\Check\R06-OTB1-FA13 (107).JPG,R06-OTB1-FA13 (107).JPG,107,173,R06-OTB1-FA13,R06-OTB1,0,0,Fall,2013,OTB1,OTB,50,0.5,0,0,None,low,
2013OC,Z:\TransectTrailCamPics\FA13\RST\R06-OTB1-FA13\Check\R06-OTB1-FA13 (108).JPG,R06-OTB1-FA13 (108).JPG,108,174,R06-OTB1-FA13,R06-OTB1,0,0,Fall,2013,OTB1,OTB,50,0.5,0,0,None,low,
2013OC,Z:\TransectTrailCamPics\FA13\RST\R06-OTB1-FA13\Pull\R06-OTB1-FA13 (233).JPG,R06-OTB1-FA13 (233).JPG,233,175,R06-OTB1-FA13,R06-OTB1,0,0,Fall,2013,OTB1,OTB,45,0.45,0,0,None,medium,
2013OC,Z:\TransectTrailCamPics\FA13\RST\R06-OTB1-FA13\Pull\R06-OTB1-FA13 (262).JPG,R06-OTB1-FA13 (262).JPG,262,176,R06-OTB1-FA13,R06-OTB1,0,0,Fall,2013,OTB1,OTB,10,0.1,0,0,None,medium,
2013OC,Z:\TransectTrailCamPics\FA13\RST\R06-OTB1-FA13\Pull\R06-OTB1-FA13 (293).JPG,R06-OTB1-FA13 (293).JPG,293,177,R06-OTB1-FA13,R06-OTB1,0,1,Fall,2013,OTB1,OTB,25,0.25,0,0,None,medium,
2014JA,Z:\TransectTrailCamPics\WI14\RST\R06-OTB1\Check\R06-OTB1-WI14 (44).JPG,R06-OTB1-WI14 (44).JPG,44,178,R06-OTB1-WI14,R06-OTB1,0,0,Winter,2014,OTB1,OTB,45,0.45,0,0,None,medium,
2014JA,Z:\TransectTrailCamPics\WI14\RST\R06-OTB1\Check\R06-OTB1-WI14 (46).JPG,R06-OTB1-WI14 (46).JPG,46,179,R06-OTB1-WI14,R06-OTB1,0,0,Winter,2014,OTB1,OTB,10,0.1,0,0,None,medium,
2014JA,Z:\TransectTrailCamPics\WI14\RST\R06-OTB1\Check\R06-OTB1-WI14 (47).JPG,R06-OTB1-WI14 (47).JPG,47,180,R06-OTB1-WI14,R06-OTB1,0,0,Winter,2014,OTB1,OTB,25,0.25,0,0,None,medium,
2014JA,Z:\TransectTrailCamPics\WI14\RST\R06-OTB1\Check\R06-OTB1-WI14 (48).JPG,R06-OTB1-WI14 (48).JPG,48,181,R06-OTB1-WI14,R06-OTB1,0,0,Winter,2014,OTB1,OTB,35,0.35,0,0,None,medium,
2014JA,Z:\TransectTrailCamPics\WI14\RST\R06-OTB1\Check\R06-OTB1-WI14 (49).JPG,R06-OTB1-WI14 (49).JPG,49,182,R06-OTB1-WI14,R06-OTB1,0,0,Winter,2014,OTB1,OTB,40,0.4,0,0,None,high,
2014JA,Z:\TransectTrailCamPics\WI14\RST\R06-OTB1\Check\R06-OTB1-WI14 (50).JPG,R06-OTB1-WI14 (50).JPG,50,183,R06-OTB1-WI14,R06-OTB1,0,0,Winter,2014,OTB1,OTB,45,0.45,0,0,None,high,
2014JA,Z:\TransectTrailCamPics\WI14\RST\R06-OTB1\Check\R06-OTB1-WI14 (51).JPG,R06-OTB1-WI14 (51).JPG,51,184,R06-OTB1-WI14,R06-OTB1,0,0,Winter,2014,OTB1,OTB,45,0.45,0,0,None,high,
2014JA,Z:\TransectTrailCamPics\WI14\RST\R06-OTB1\Check\R06-OTB1-WI14 (52).JPG,R06-OTB1-WI14 (52).JPG,52,185,R06-OTB1-WI14,R06-OTB1,0,0,Winter,2014,OTB1,OTB,30,0.3,0,0,None,high,
2014JA,Z:\TransectTrailCamPics\WI14\RST\R06-OTB1\Check\R06-OTB1-WI14 (56).JPG,R06-OTB1-WI14 (56).JPG,56,186,R06-OTB1-WI14,R06-OTB1,0,0,Winter,2014,OTB1,OTB,30,0.3,0,0,None,medium,coyote has no tail
2014JA,Z:\TransectTrailCamPics\WI14\RST\R06-OTB1\Check\R06-OTB1-WI14 (57).JPG,R06-OTB1-WI14 (57).JPG,57,187,R06-OTB1-WI14,R06-OTB1,0,0,Winter,2014,OTB1,OTB,30,0.3,0,0,None,medium,coyote has no tail
2014JA,Z:\TransectTrailCamPics\WI14\RST\R06-OTB1\Check\R06-OTB1-WI14 (59).JPG,R06-OTB1-WI14 (59).JPG,59,188,R06-OTB1-WI14,R06-OTB1,0,0,Winter,2014,OTB1,OTB,35,0.35,0,0,None,medium,coyote has no tail
2014JA,Z:\TransectTrailCamPics\WI14\RST\R06-OTB1\Check\R06-OTB1-WI14 (79).JPG,R06-OTB1-WI14 (79).JPG,79,189,R06-OTB1-WI14,R06-OTB1,0,0,Winter,2014,OTB1,OTB,40,0.4,0,0,None,medium,coyote has no tail
2014JA,Z:\TransectTrailCamPics\WI14\RST\R06-OTB1\Check\R06-OTB1-WI14 (80).JPG,R06-OTB1-WI14 (80).JPG,80,190,R06-OTB1-WI14,R06-OTB1,0,0,Winter,2014,OTB1,OTB,20,0.2,0,0,None,low,
2014JA,Z:\TransectTrailCamPics\WI14\RST\R06-OTB1\Check\R06-OTB1-WI14 (81).JPG,R06-OTB1-WI14 (81).JPG,81,191,R06-OTB1-WI14,R06-OTB1,0,0,Winter,2014,OTB1,OTB,50,0.5,0,0,None,medium,coyote has no tail
2014JA,Z:\TransectTrailCamPics\WI14\RST\R06-OTB1\Check\R06-OTB1-WI14 (84).JPG,R06-OTB1-WI14 (84).JPG,84,192,R06-OTB1-WI14,R06-OTB1,0,0,Winter,2014,OTB1,OTB,50,0.5,0,0,None,medium,coyote has no tail
2014JA,Z:\TransectTrailCamPics\WI14\RST\R06-OTB1\Check\R06-OTB1-WI14 (2000).JPG,R06-OTB1-WI14 (2000).JPG,2000,193,R06-OTB1-WI14,R06-OTB1,0,0,Winter,2014,OTB1,OTB,45,0.45,0,0,None,medium,
2014JA,Z:\TransectTrailCamPics\WI14\RST\R06-OTB1\Check\R06-OTB1-WI14 (2001).JPG,R06-OTB1-WI14 (2001).JPG,2001,194,R06-OTB1-WI14,R06-OTB1,0,0,Winter,2014,OTB1,OTB,50,0.5,0,0,None,medium,
2014JA,Z:\TransectTrailCamPics\WI14\RST\R06-OTB1\Pull\R06-OTB1-WI14 (2222).JPG,R06-OTB1-WI14 (2222).JPG,2222,195,R06-OTB1-WI14,R06-OTB1,0,1,Winter,2014,OTB1,OTB,20,0.2,0,0,None,medium,coyote has no tail
2014JA,Z:\TransectTrailCamPics\WI14\RST\R06-OTB1\Pull\R06-OTB1-WI14 (2223).JPG,R06-OTB1-WI14 (2223).JPG,2223,196,R06-OTB1-WI14,R06-OTB1,0,1,Winter,2014,OTB1,OTB,40,0.4,0,0,None,medium,coyote has no tail
2014JA,Z:\TransectTrailCamPics\WI14\RST\R06-OTB1\Pull\R06-OTB1-WI14 (2224).JPG,R06-OTB1-WI14 (2224).JPG,2224,197,R06-OTB1-WI14,R06-OTB1,0,0,Winter,2014,OTB1,OTB,25,0.25,0,0,None,medium,
2014JA,Z:\TransectTrailCamPics\WI14\RST\R06-OTB1\Pull\R06-OTB1-WI14 (2227).JPG,R06-OTB1-WI14 (2227).JPG,2227,198,R06-OTB1-WI14,R06-OTB1,0,0,Winter,2014,OTB1,OTB,25,0.25,0,0,None,medium,coyote has no tail
2013OC,Z:\TransectTrailCamPics\FA13\RST\R06-SLT2-FA13\Check\R06-SLT2-FA13 (112).JPG,R06-SLT2-FA13 (112).JPG,112,199,R06-SLT2-FA13,R06-SLT2,0,1,Fall,2013,SLT2,SLT,15,0.15,0,0,None,medium,
2014JA,Z:\TransectTrailCamPics\WI14\RST\R06-SLT2\Check\R06-SLT2-WI14 (14).JPG,R06-SLT2-WI14 (14).JPG,14,200,R06-SLT2-WI14,R06-SLT2,0,0,Winter,2014,SLT2,SLT,50,0.5,0,0,None,medium,
2014JA,Z:\TransectTrailCamPics\WI14\RST\R06-SLT2\Check\R06-SLT2-WI14 (15).JPG,R06-SLT2-WI14 (15).JPG,15,201,R06-SLT2-WI14,R06-SLT2,0,0,Winter,2014,SLT2,SLT,25,0.25,0,0,None,medium,
2014JA,Z:\TransectTrailCamPics\WI14\RST\R06-SLT2\Check\R06-SLT2-WI14 (16).JPG,R06-SLT2-WI14 (16).JPG,16,202,R06-SLT2-WI14,R06-SLT2,1,0,Winter,2014,SLT2,SLT,50,0.5,15,0.15,Moderate,medium,Rat tail
2014JA,Z:\TransectTrailCamPics\WI14\RST\R06-SLT2\Check\R06-SLT2-WI14 (18).JPG,R06-SLT2-WI14 (18).JPG,18,203,R06-SLT2-WI14,R06-SLT2,0,0,Winter,2014,SLT2,SLT,50,0.5,0,0,None,high,
2014JA,Z:\TransectTrailCamPics\WI14\RST\R06-SLT2\Pull\R06-SLT2-WI14 (30).JPG,R06-SLT2-WI14 (30).JPG,30,204,R06-SLT2-WI14,R06-SLT2,0,1,Winter,2014,SLT2,SLT,45,0.45,0,0,None,medium,
2014JA,Z:\TransectTrailCamPics\WI14\RST\R06-SLT2\Pull\R06-SLT2-WI14 (31).JPG,R06-SLT2-WI14 (31).JPG,31,205,R06-SLT2-WI14,R06-SLT2,1,1,Winter,2014,SLT2,SLT,30,0.3,10,0.1,Moderate,medium,Rat tail
2014JA,Z:\TransectTrailCamPics\WI14\RST\R06-SLT2\Pull\R06-SLT2-WI14 (32).JPG,R06-SLT2-WI14 (32).JPG,32,206,R06-SLT2-WI14,R06-SLT2,0,0,Winter,2014,SLT2,SLT,50,0.5,0,0,None,high,
2014JA,Z:\TransectTrailCamPics\WI14\RST\R06-SLT2\Pull\R06-SLT2-WI14 (36).JPG,R06-SLT2-WI14 (36).JPG,36,207,R06-SLT2-WI14,R06-SLT2,0,0,Winter,2014,SLT2,SLT,50,0.5,0,0,None,low,
2014JA,Z:\TransectTrailCamPics\WI14\RST\R06-SLT2\Pull\R06-SLT2-WI14 (37).JPG,R06-SLT2-WI14 (37).JPG,37,208,R06-SLT2-WI14,R06-SLT2,0,0,Winter,2014,SLT2,SLT,25,0.25,0,0,None,medium,
2014JA,Z:\TransectTrailCamPics\WI14\RST\R06-SLT2\Pull\R06-SLT2-WI14 (38).JPG,R06-SLT2-WI14 (38).JPG,38,209,R06-SLT2-WI14,R06-SLT2,0,0,Winter,2014,SLT2,SLT,30,0.3,0,0,None,low,
2014JA,Z:\TransectTrailCamPics\WI14\RST\R06-SLT2\Pull\R06-SLT2-WI14 (39).JPG,R06-SLT2-WI14 (39).JPG,39,210,R06-SLT2-WI14,R06-SLT2,0,0,Winter,2014,SLT2,SLT,40,0.4,0,0,None,medium,
2014JA,Z:\TransectTrailCamPics\WI14\RST\R06-SLT2\Pull\R06-SLT2-WI14 (40).JPG,R06-SLT2-WI14 (40).JPG,40,211,R06-SLT2-WI14,R06-SLT2,0,0,Winter,2014,SLT2,SLT,40,0.4,0,0,None,medium,
2013OC,Z:\TransectTrailCamPics\FA13\RST\R07-FSP1-FA13\Pull\R07-FSP1-FA13 (66).JPG,R07-FSP1-FA13 (66).JPG,66,212,R07-FSP1-FA13,R07-FSP1,0,0,Fall,2013,FSP1,FSP,45,0.45,0,0,None,high,
2013OC,Z:\TransectTrailCamPics\FA13\RST\R07-FSP1-FA13\Pull\R07-FSP1-FA13 (67).JPG,R07-FSP1-FA13 (67).JPG,67,213,R07-FSP1-FA13,R07-FSP1,0,0,Fall,2013,FSP1,FSP,45,0.45,0,0,None,high,
2013OC,Z:\TransectTrailCamPics\FA13\RST\R07-FSP1-FA13\Pull\R07-FSP1-FA13 (68).JPG,R07-FSP1-FA13 (68).JPG,68,214,R07-FSP1-FA13,R07-FSP1,0,0,Fall,2013,FSP1,FSP,30,0.3,0,0,None,high,
2013OC,Z:\TransectTrailCamPics\FA13\RST\R07-FSP1-FA13\Pull\R07-FSP1-FA13 (69).JPG,R07-FSP1-FA13 (69).JPG,69,215,R07-FSP1-FA13,R07-FSP1,0,0,Fall,2013,FSP1,FSP,45,0.45,0,0,None,high,
2013OC,Z:\TransectTrailCamPics\FA13\RST\R07-FSP1-FA13\Pull\R07-FSP1-FA13 (70).JPG,R07-FSP1-FA13 (70).JPG,70,216,R07-FSP1-FA13,R07-FSP1,0,0,Fall,2013,FSP1,FSP,45,0.45,0,0,None,high,
2013OC,Z:\TransectTrailCamPics\FA13\RST\R07-GOF1-FA13\Check\R07-GOF1-FA13 (23).JPG,R07-GOF1-FA13 (23).JPG,23,217,R07-GOF1-FA13,R07-GOF1,0,0,Fall,2013,GOF1,GOF,45,0.45,0,0,None,medium,
2013OC,Z:\TransectTrailCamPics\FA13\RST\R07-GOF1-FA13\Pull\R07-GOF1-FA13 (134).JPG,R07-GOF1-FA13 (134).JPG,134,218,R07-GOF1-FA13,R07-GOF1,0,0,Fall,2013,GOF1,GOF,40,0.4,0,0,None,medium,
2014JA,Z:\TransectTrailCamPics\WI14\RST\R07-GOF1\R07-GOF1-WI14 (47).JPG,R07-GOF1-WI14 (47).JPG,47,219,R07-GOF1-WI14,R07-GOF1,0,0,Winter,2014,GOF1,GOF,40,0.4,0,0,None,medium,
2014JA,Z:\TransectTrailCamPics\WI14\RST\R07-GOF1\R07-GOF1-WI14 (51).JPG,R07-GOF1-WI14 (51).JPG,51,220,R07-GOF1-WI14,R07-GOF1,0,0,Winter,2014,GOF1,GOF,25,0.25,0,0,None,high,
2014JA,Z:\TransectTrailCamPics\WI14\RST\R07-GOF1\R07-GOF1-WI14 (52).JPG,R07-GOF1-WI14 (52).JPG,52,221,R07-GOF1-WI14,R07-GOF1,0,0,Winter,2014,GOF1,GOF,50,0.5,0,0,None,medium,
2014JA,Z:\TransectTrailCamPics\WI14\RST\R07-GOF1\R07-GOF1-WI14 (53).JPG,R07-GOF1-WI14 (53).JPG,53,222,R07-GOF1-WI14,R07-GOF1,0,0,Winter,2014,GOF1,GOF,45,0.45,0,0,None,high,
2014JA,Z:\TransectTrailCamPics\WI14\RST\R07-GOF1\R07-GOF1-WI14 (54).JPG,R07-GOF1-WI14 (54).JPG,54,223,R07-GOF1-WI14,R07-GOF1,1,0,Winter,2014,GOF1,GOF,50,0.5,5,0.05,Mild,medium,hair loss near base of tail
2014JA,Z:\TransectTrailCamPics\WI14\RST\R07-GOF1\R07-GOF1-WI14 (55).JPG,R07-GOF1-WI14 (55).JPG,55,224,R07-GOF1-WI14,R07-GOF1,0,0,Winter,2014,GOF1,GOF,25,0.25,0,0,None,low,
2014JA,Z:\TransectTrailCamPics\WI14\RST\R07-GOF1\R07-GOF1-WI14 (56).JPG,R07-GOF1-WI14 (56).JPG,56,225,R07-GOF1-WI14,R07-GOF1,0,0,Winter,2014,GOF1,GOF,45,0.45,0,0,None,low,
2014JA,Z:\TransectTrailCamPics\WI14\RST\R07-GOF1\R07-GOF1-WI14 (57).JPG,R07-GOF1-WI14 (57).JPG,57,226,R07-GOF1-WI14,R07-GOF1,0,0,Winter,2014,GOF1,GOF,45,0.45,0,0,None,low,
2014JA,Z:\TransectTrailCamPics\WI14\RST\R07-GOF1\R07-GOF1-WI14 (60).JPG,R07-GOF1-WI14 (60).JPG,60,227,R07-GOF1-WI14,R07-GOF1,0,0,Winter,2014,GOF1,GOF,50,0.5,0,0,None,low,cant really see tail
2013OC,Z:\TransectTrailCamPics\FA13\RST\R07-MMP1-FA13\Pull\R07-MMP1-FA13 (93).JPG,R07-MMP1-FA13 (93).JPG,93,228,R07-MMP1-FA13,R07-MMP1,0,0,Fall,2013,MMP1,MMP,50,0.5,0,0,None,high,
2013OC,Z:\TransectTrailCamPics\FA13\RST\R07-MMP1-FA13\Pull\R07-MMP1-FA13 (94).JPG,R07-MMP1-FA13 (94).JPG,94,229,R07-MMP1-FA13,R07-MMP1,0,0,Fall,2013,MMP1,MMP,50,0.5,0,0,None,high,
2013OC,Z:\TransectTrailCamPics\FA13\RST\R07-MMP1-FA13\Pull\R07-MMP1-FA13 (95).JPG,R07-MMP1-FA13 (95).JPG,95,230,R07-MMP1-FA13,R07-MMP1,0,0,Fall,2013,MMP1,MMP,40,0.4,0,0,None,high,
2014JA,Z:\TransectTrailCamPics\WI14\RST\R07-MMP1\Check\R07-MMP1-WI14 (11).JPG,R07-MMP1-WI14 (11).JPG,11,231,R07-MMP1-WI14,R07-MMP1,0,0,Winter,2014,MMP1,MMP,25,0.25,0,0,None,high,
2014JA,Z:\TransectTrailCamPics\WI14\RST\R07-MMP1\Check\R07-MMP1-WI14 (28).JPG,R07-MMP1-WI14 (28).JPG,28,232,R07-MMP1-WI14,R07-MMP1,0,0,Winter,2014,MMP1,MMP,50,0.5,0,0,None,high,
2013OC,Z:\TransectTrailCamPics\FA13\RST\R07-YHR1-FA13\Check\R07-YHR1-FA13 (28).JPG,R07-YHR1-FA13 (28).JPG,28,233,R07-YHR1-FA13,R07-YHR1,0,1,Fall,2013,YHR1,YHR,25,0.25,0,0,None,medium,
2013OC,Z:\TransectTrailCamPics\FA13\RST\R07-YHR1-FA13\Check\R07-YHR1-FA13 (29).JPG,R07-YHR1-FA13 (29).JPG,29,234,R07-YHR1-FA13,R07-YHR1,1,1,Fall,2013,YHR1,YHR,25,0.25,5,0.05,Mild,medium,
2013OC,Z:\TransectTrailCamPics\FA13\RST\R07-YHR1-FA13\Check\R07-YHR1-FA13 (30).JPG,R07-YHR1-FA13 (30).JPG,30,235,R07-YHR1-FA13,R07-YHR1,0,1,Fall,2013,YHR1,YHR,25,0.25,5,0.05,None,low,
2013OC,Z:\TransectTrailCamPics\FA13\RST\R07-YHR1-FA13\Check\R07-YHR1-FA13 (132).JPG,R07-YHR1-FA13 (132).JPG,132,236,R07-YHR1-FA13,R07-YHR1,0,1,Fall,2013,YHR1,YHR,40,0.4,0,0,None,medium,
2013OC,Z:\TransectTrailCamPics\FA13\RST\R07-YHR1-FA13\Pull\R07-YHR1-FA13 (187).JPG,R07-YHR1-FA13 (187).JPG,187,237,R07-YHR1-FA13,R07-YHR1,0,0,Fall,2013,YHR1,YHR,30,0.3,0,0,None,medium,
2013OC,Z:\TransectTrailCamPics\FA13\RST\R08-DAP1-FA13\Check\R08-DAP1-FA13 (28).JPG,R08-DAP1-FA13 (28).JPG,28,238,R08-DAP1-FA13,R08-DAP1,0,0,Fall,2013,DAP1,DAP,25,0.25,0,0,None,medium,
2014JA,Z:\TransectTrailCamPics\WI14\RST\R08-DAP1\Check\R08-DAP1-WI14 (13).JPG,R08-DAP1-WI14 (13).JPG,13,239,R08-DAP1-WI14,R08-DAP1,0,0,Winter,2014,DAP1,DAP,25,0.25,0,0,None,high,
2014JA,Z:\TransectTrailCamPics\WI14\RST\R08-DAP1\Pull\R08-DAP1-WI14 (37).JPG,R08-DAP1-WI14 (37).JPG,37,240,R08-DAP1-WI14,R08-DAP1,0,0,Winter,2014,DAP1,DAP,15,0.15,0,0,None,low,
2014JA,Z:\TransectTrailCamPics\WI14\RST\R08-PAP1\Check\R08-PAP1-WI14 (7).JPG,R08-PAP1-WI14 (7).JPG,7,241,R08-PAP1-WI14,R08-PAP1,0,0,Winter,2014,PAP1,PAP,40,0.4,0,0,None,medium,
2014JA,Z:\TransectTrailCamPics\WI14\RST\R08-PAP1\Check\R08-PAP1-WI14 (8).JPG,R08-PAP1-WI14 (8).JPG,8,242,R08-PAP1-WI14,R08-PAP1,0,0,Winter,2014,PAP1,PAP,40,0.4,0,0,None,medium,
2014JA,Z:\TransectTrailCamPics\WI14\RST\R08-PAP1\Check\R08-PAP1-WI14 (11).JPG,R08-PAP1-WI14 (11).JPG,11,243,R08-PAP1-WI14,R08-PAP1,0,0,Winter,2014,PAP1,PAP,40,0.4,0,0,None,high,
2014JA,Z:\TransectTrailCamPics\WI14\RST\R08-PAP1\Check\R08-PAP1-WI14 (12).JPG,R08-PAP1-WI14 (12).JPG,12,244,R08-PAP1-WI14,R08-PAP1,0,0,Winter,2014,PAP1,PAP,50,0.5,0,0,None,high,
2014JA,Z:\TransectTrailCamPics\WI14\RST\R08-PAP1\Check\R08-PAP1-WI14 (13).JPG,R08-PAP1-WI14 (13).JPG,13,245,R08-PAP1-WI14,R08-PAP1,0,0,Winter,2014,PAP1,PAP,50,0.5,0,0,None,high,
2014JA,Z:\TransectTrailCamPics\WI14\RST\R08-PAP1\Check\R08-PAP1-WI14 (15).JPG,R08-PAP1-WI14 (15).JPG,15,246,R08-PAP1-WI14,R08-PAP1,0,0,Winter,2014,PAP1,PAP,50,0.5,0,0,None,medium,
2014JA,Z:\TransectTrailCamPics\WI14\RST\R08-PAP1\Pull\R08-PAP1-WI14 (31).JPG,R08-PAP1-WI14 (31).JPG,31,247,R08-PAP1-WI14,R08-PAP1,0,0,Winter,2014,PAP1,PAP,40,0.4,0,0,None,medium,
2014JA,Z:\TransectTrailCamPics\WI14\RST\R08-PAP1\Pull\R08-PAP1-WI14 (32).JPG,R08-PAP1-WI14 (32).JPG,32,248,R08-PAP1-WI14,R08-PAP1,1,0,Winter,2014,PAP1,PAP,50,0.5,5,0.05,Mild,high,hair loss on neck
2014JA,Z:\TransectTrailCamPics\WI14\RST\R08-PAP1\Pull\R08-PAP1-WI14 (33).JPG,R08-PAP1-WI14 (33).JPG,33,249,R08-PAP1-WI14,R08-PAP1,0,0,Winter,2014,PAP1,PAP,50,0.5,0,0,None,high,
2014JA,Z:\TransectTrailCamPics\WI14\RST\R08-PAP1\Pull\R08-PAP1-WI14 (35).JPG,R08-PAP1-WI14 (35).JPG,35,250,R08-PAP1-WI14,R08-PAP1,0,0,Winter,2014,PAP1,PAP,50,0.5,0,0,None,high,
2014JA,Z:\TransectTrailCamPics\WI14\RST\R08-PAP1\Pull\R08-PAP1-WI14 (37).JPG,R08-PAP1-WI14 (37).JPG,37,251,R08-PAP1-WI14,R08-PAP1,0,0,Winter,2014,PAP1,PAP,40,0.4,0,0,None,medium,
2014JA,Z:\TransectTrailCamPics\WI14\RST\R08-PAP1\Pull\R08-PAP1-WI14 (39).JPG,R08-PAP1-WI14 (39).JPG,39,252,R08-PAP1-WI14,R08-PAP1,0,0,Winter,2014,PAP1,PAP,15,0.15,0,0,None,medium,
2014JA,Z:\TransectTrailCamPics\WI14\RST\R08-PAP1\Pull\R08-PAP1-WI14 (46).JPG,R08-PAP1-WI14 (46).JPG,46,253,R08-PAP1-WI14,R08-PAP1,0,0,Winter,2014,PAP1,PAP,25,0.25,0,0,None,medium,
2014JA,Z:\TransectTrailCamPics\WI14\RST\R08-PAP1\Pull\R08-PAP1-WI14 (47).JPG,R08-PAP1-WI14 (47).JPG,47,254,R08-PAP1-WI14,R08-PAP1,0,0,Winter,2014,PAP1,PAP,45,0.45,0,0,None,high,
2014JA,Z:\TransectTrailCamPics\WI14\RST\R08-PAP1\Pull\R08-PAP1-WI14 (48).JPG,R08-PAP1-WI14 (48).JPG,48,255,R08-PAP1-WI14,R08-PAP1,0,0,Winter,2014,PAP1,PAP,40,0.4,0,0,None,high,
2013OC,Z:\TransectTrailCamPics\FA13\RST\R08-VLG1-FA13\R08-VLG1-FA13 (5).JPG,R08-VLG1-FA13 (5).JPG,5,256,R08-VLG1-FA13,R08-VLG1,0,0,Fall,2013,VLG1,VLG,35,0.35,0,0,None,medium,
2013OC,Z:\TransectTrailCamPics\FA13\RST\R08-VLG1-FA13\R08-VLG1-FA13 (7).JPG,R08-VLG1-FA13 (7).JPG,7,257,R08-VLG1-FA13,R08-VLG1,0,0,Fall,2013,VLG1,VLG,50,0.5,0,0,None,high,
2013OC,Z:\TransectTrailCamPics\FA13\RST\R08-VLG1-FA13\R08-VLG1-FA13 (34).JPG,R08-VLG1-FA13 (34).JPG,34,258,R08-VLG1-FA13,R08-VLG1,0,0,Fall,2013,VLG1,VLG,15,0.15,0,0,None,low,
2013OC,Z:\TransectTrailCamPics\FA13\RST\R08-WBK1-FA13\Check\R08-WBK1-FA13 (24).JPG,R08-WBK1-FA13 (24).JPG,24,259,R08-WBK1-FA13,R08-WBK1,0,0,Fall,2013,WBK1,WBK,40,0.4,0,0,None,medium,
2013OC,Z:\TransectTrailCamPics\FA13\RST\R08-WBK1-FA13\Check\R08-WBK1-FA13 (25).JPG,R08-WBK1-FA13 (25).JPG,25,260,R08-WBK1-FA13,R08-WBK1,0,0,Fall,2013,WBK1,WBK,25,0.25,0,0,None,medium,
2013OC,Z:\TransectTrailCamPics\FA13\RST\R08-WBK1-FA13\Check\R08-WBK1-FA13 (79).JPG,R08-WBK1-FA13 (79).JPG,79,261,R08-WBK1-FA13,R08-WBK1,0,0,Fall,2013,WBK1,WBK,45,0.45,0,0,None,medium,
2013OC,Z:\TransectTrailCamPics\FA13\RST\R08-WBK1-FA13\Check\R08-WBK1-FA13 (112).JPG,R08-WBK1-FA13 (112).JPG,112,262,R08-WBK1-FA13,R08-WBK1,0,0,Fall,2013,WBK1,WBK,10,0.1,0,0,None,low,
2013OC,Z:\TransectTrailCamPics\FA13\RST\R08-WBK1-FA13\Check\R08-WBK1-FA13 (220).JPG,R08-WBK1-FA13 (220).JPG,220,263,R08-WBK1-FA13,R08-WBK1,0,0,Fall,2013,WBK1,WBK,40,0.4,0,0,None,medium,
2013OC,Z:\TransectTrailCamPics\FA13\RST\R08-WBK1-FA13\Pull\R08-WBK1-FA13 (476).JPG,R08-WBK1-FA13 (476).JPG,476,264,R08-WBK1-FA13,R08-WBK1,0,0,Fall,2013,WBK1,WBK,25,0.25,0,0,None,medium,
2013OC,Z:\TransectTrailCamPics\FA13\RST\R08-WBK1-FA13\Pull\R08-WBK1-FA13 (564).JPG,R08-WBK1-FA13 (564).JPG,564,265,R08-WBK1-FA13,R08-WBK1,0,0,Fall,2013,WBK1,WBK,25,0.25,0,0,None,medium,
2013OC,Z:\TransectTrailCamPics\FA13\RST\R08-WBK1-FA13\Pull\R08-WBK1-FA13 (597).JPG,R08-WBK1-FA13 (597).JPG,597,266,R08-WBK1-FA13,R08-WBK1,0,0,Fall,2013,WBK1,WBK,40,0.4,0,0,None,medium,
2013OC,Z:\TransectTrailCamPics\FA13\RST\R08-WBK1-FA13\Pull\R08-WBK1-FA13 (598).JPG,R08-WBK1-FA13 (598).JPG,598,267,R08-WBK1-FA13,R08-WBK1,0,0,Fall,2013,WBK1,WBK,25,0.25,0,0,None,medium,
2013OC,Z:\TransectTrailCamPics\FA13\RST\R08-WBK1-FA13\Pull\R08-WBK1-FA13 (888).JPG,R08-WBK1-FA13 (888).JPG,888,268,R08-WBK1-FA13,R08-WBK1,0,0,Fall,2013,WBK1,WBK,40,0.4,0,0,None,low,
2014JA,Z:\TransectTrailCamPics\WI14\RST\R08-WBK1\Check\R08-WBK1-WI14 (9).JPG,R08-WBK1-WI14 (9).JPG,9,269,R08-WBK1-WI14,R08-WBK1,0,0,Winter,2014,WBK1,WBK,40,0.4,0,0,None,medium,
2014JA,Z:\TransectTrailCamPics\WI14\RST\R08-WBK1\Check\R08-WBK1-WI14 (10).JPG,R08-WBK1-WI14 (10).JPG,10,270,R08-WBK1-WI14,R08-WBK1,0,0,Winter,2014,WBK1,WBK,50,0.5,0,0,None,medium,
2014JA,Z:\TransectTrailCamPics\WI14\RST\R08-WBK1\Check\R08-WBK1-WI14 (12).JPG,R08-WBK1-WI14 (12).JPG,12,271,R08-WBK1-WI14,R08-WBK1,0,0,Winter,2014,WBK1,WBK,45,0.45,0,0,None,medium,
2014JA,Z:\TransectTrailCamPics\WI14\RST\R08-WBK1\Check\R08-WBK1-WI14 (13).JPG,R08-WBK1-WI14 (13).JPG,13,272,R08-WBK1-WI14,R08-WBK1,0,0,Winter,2014,WBK1,WBK,5,0.05,0,0,None,medium,
2014JA,Z:\TransectTrailCamPics\WI14\RST\R08-WBK1\Check\R08-WBK1-WI14 (14).JPG,R08-WBK1-WI14 (14).JPG,14,273,R08-WBK1-WI14,R08-WBK1,0,0,Winter,2014,WBK1,WBK,50,0.5,0,0,None,medium,
2014JA,Z:\TransectTrailCamPics\WI14\RST\R08-WBK1\Check\R08-WBK1-WI14 (15).JPG,R08-WBK1-WI14 (15).JPG,15,274,R08-WBK1-WI14,R08-WBK1,0,0,Winter,2014,WBK1,WBK,50,0.5,0,0,None,medium,
2014JA,Z:\TransectTrailCamPics\WI14\RST\R08-WBK1\Pull\R08-WBK1-WI14 (27).JPG,R08-WBK1-WI14 (27).JPG,27,275,R08-WBK1-WI14,R08-WBK1,1,0,Winter,2014,WBK1,WBK,50,0.5,5,0.05,Mild,medium,hair loss on neck
2014JA,Z:\TransectTrailCamPics\WI14\RST\R08-WBK1\Pull\R08-WBK1-WI14 (28).JPG,R08-WBK1-WI14 (28).JPG,28,276,R08-WBK1-WI14,R08-WBK1,0,0,Winter,2014,WBK1,WBK,45,0.45,0,0,None,medium,
2014JA,Z:\TransectTrailCamPics\WI14\RST\R08-WBK1\Pull\R08-WBK1-WI14 (29).JPG,R08-WBK1-WI14 (29).JPG,29,277,R08-WBK1-WI14,R08-WBK1,0,0,Winter,2014,WBK1,WBK,50,0.5,0,0,None,medium,
2014JA,Z:\TransectTrailCamPics\WI14\RST\R08-WBK1\Pull\R08-WBK1-WI14 (30).JPG,R08-WBK1-WI14 (30).JPG,30,278,R08-WBK1-WI14,R08-WBK1,0,0,Winter,2014,WBK1,WBK,5,0.05,0,0,None,medium,
2014JA,Z:\TransectTrailCamPics\WI14\RST\R08-WBK1\Pull\R08-WBK1-WI14 (31).JPG,R08-WBK1-WI14 (31).JPG,31,279,R08-WBK1-WI14,R08-WBK1,0,0,Winter,2014,WBK1,WBK,45,0.45,0,0,None,medium,
2014JA,Z:\TransectTrailCamPics\WI14\RST\R08-WBK1\Pull\R08-WBK1-WI14 (43).JPG,R08-WBK1-WI14 (43).JPG,43,280,R08-WBK1-WI14,R08-WBK1,0,0,Winter,2014,WBK1,WBK,50,0.5,0,0,None,medium,
2014JA,Z:\TransectTrailCamPics\WI14\RST\R08-WBK1\Pull\R08-WBK1-WI14 (44).JPG,R08-WBK1-WI14 (44).JPG,44,281,R08-WBK1-WI14,R08-WBK1,1,0,Winter,2014,WBK1,WBK,15,0.15,5,0.05,Mild,medium,hair loss on tail
2014JA,Z:\TransectTrailCamPics\WI14\RST\R08-WBK1\Pull\R08-WBK1-WI14 (45).JPG,R08-WBK1-WI14 (45).JPG,45,282,R08-WBK1-WI14,R08-WBK1,0,0,Winter,2014,WBK1,WBK,15,0.15,0,0,None,medium,
2014JA,Z:\TransectTrailCamPics\WI14\RST\R08-WBK1\Pull\R08-WBK1-WI14 (46).JPG,R08-WBK1-WI14 (46).JPG,46,283,R08-WBK1-WI14,R08-WBK1,0,0,Winter,2014,WBK1,WBK,20,0.2,0,0,None,medium,
2014JA,Z:\TransectTrailCamPics\WI14\RST\R08-WBK1\Pull\R08-WBK1-WI14 (47).JPG,R08-WBK1-WI14 (47).JPG,47,284,R08-WBK1-WI14,R08-WBK1,0,0,Winter,2014,WBK1,WBK,45,0.45,0,0,None,medium,
2014JA,Z:\TransectTrailCamPics\WI14\RST\R08-WBK1\Pull\R08-WBK1-WI14 (49).JPG,R08-WBK1-WI14 (49).JPG,49,285,R08-WBK1-WI14,R08-WBK1,0,0,Winter,2014,WBK1,WBK,50,0.5,0,0,None,medium,
2014JA,Z:\TransectTrailCamPics\WI14\RST\R08-WBK1\Pull\R08-WBK1-WI14 (50).JPG,R08-WBK1-WI14 (50).JPG,50,286,R08-WBK1-WI14,R08-WBK1,0,0,Winter,2014,WBK1,WBK,45,0.45,0,0,None,medium,
2014JA,Z:\TransectTrailCamPics\WI14\RST\R08-WBK1\Pull\R08-WBK1-WI14 (51).JPG,R08-WBK1-WI14 (51).JPG,51,287,R08-WBK1-WI14,R08-WBK1,0,0,Winter,2014,WBK1,WBK,50,0.5,0,0,None,medium,
2013OC,Z:\TransectTrailCamPics\FA13\RST\R09-BLW1-FA13\Check\R09-BLW1-FA13 (16).JPG,R09-BLW1-FA13 (16).JPG,16,288,R09-BLW1-FA13,R09-BLW1,0,0,Fall,2013,BLW1,BLW,50,0.5,0,0,None,high,
2013OC,Z:\TransectTrailCamPics\FA13\RST\R09-BLW1-FA13\Check\R09-BLW1-FA13 (17).JPG,R09-BLW1-FA13 (17).JPG,17,289,R09-BLW1-FA13,R09-BLW1,0,0,Fall,2013,BLW1,BLW,45,0.45,0,0,None,high,
2013OC,Z:\TransectTrailCamPics\FA13\RST\R09-BLW1-FA13\Check\R09-BLW1-FA13 (18).JPG,R09-BLW1-FA13 (18).JPG,18,290,R09-BLW1-FA13,R09-BLW1,0,0,Fall,2013,BLW1,BLW,50,0.5,0,0,None,high,
2013OC,Z:\TransectTrailCamPics\FA13\RST\R09-BLW1-FA13\Check\R09-BLW1-FA13 (26).JPG,R09-BLW1-FA13 (26).JPG,26,291,R09-BLW1-FA13,R09-BLW1,0,0,Fall,2014,BLW2,BLW,50,0.5,0,0,None,high,
2013OC,Z:\TransectTrailCamPics\FA13\RST\R09-BLW1-FA13\Check\R09-BLW1-FA13 (27).JPG,R09-BLW1-FA13 (27).JPG,27,292,R09-BLW1-FA13,R09-BLW1,0,0,Fall,2015,BLW3,BLW,50,0.5,0,0,None,high,
2013OC,Z:\TransectTrailCamPics\FA13\RST\R09-BLW1-FA13\Check\R09-BLW1-FA13 (28).JPG,R09-BLW1-FA13 (28).JPG,28,293,R09-BLW1-FA13,R09-BLW1,0,0,Fall,2016,BLW4,BLW,50,0.5,0,0,None,high,
2013OC,Z:\TransectTrailCamPics\FA13\RST\R09-BLW1-FA13\Check\R09-BLW1-FA13 (35).JPG,R09-BLW1-FA13 (35).JPG,35,294,R09-BLW1-FA13,R09-BLW1,0,0,Fall,2017,BLW5,BLW,50,0.5,0,0,None,high,
2013OC,Z:\TransectTrailCamPics\FA13\RST\R09-BLW1-FA13\Check\R09-BLW1-FA13 (36).JPG,R09-BLW1-FA13 (36).JPG,36,295,R09-BLW1-FA13,R09-BLW1,0,0,Fall,2018,BLW6,BLW,50,0.5,0,0,None,high,
2013OC,Z:\TransectTrailCamPics\FA13\RST\R09-BLW1-FA13\Check\R09-BLW1-FA13 (37).JPG,R09-BLW1-FA13 (37).JPG,37,296,R09-BLW1-FA13,R09-BLW1,0,0,Fall,2019,BLW7,BLW,50,0.5,0,0,None,high,
2013OC,Z:\TransectTrailCamPics\FA13\RST\R09-BLW1-FA13\Check\R09-BLW1-FA13 (38).JPG,R09-BLW1-FA13 (38).JPG,38,297,R09-BLW1-FA13,R09-BLW1,0,0,Fall,2020,BLW8,BLW,50,0.5,0,0,None,high,
2013OC,Z:\TransectTrailCamPics\FA13\RST\R09-BLW1-FA13\Check\R09-BLW1-FA13 (39).JPG,R09-BLW1-FA13 (39).JPG,39,298,R09-BLW1-FA13,R09-BLW1,0,0,Fall,2021,BLW9,BLW,50,0.5,0,0,None,high,
2013OC,Z:\TransectTrailCamPics\FA13\RST\R09-BLW1-FA13\Check\R09-BLW1-FA13 (40).JPG,R09-BLW1-FA13 (40).JPG,40,299,R09-BLW1-FA13,R09-BLW1,0,0,Fall,2022,BLW10,BLW,50,0.5,0,0,None,high,
2013OC,Z:\TransectTrailCamPics\FA13\RST\R09-BLW1-FA13\Check\R09-BLW1-FA13 (41).JPG,R09-BLW1-FA13 (41).JPG,41,300,R09-BLW1-FA13,R09-BLW1,0,0,Fall,2013,BLW1,BLW,25,0.25,0,0,None,high,
2013OC,Z:\TransectTrailCamPics\FA13\RST\R09-BLW1-FA13\Check\R09-BLW1-FA13 (99).JPG,R09-BLW1-FA13 (99).JPG,99,301,R09-BLW1-FA13,R09-BLW1,0,0,Fall,2013,BLW1,BLW,50,0.5,0,0,None,high,
2013OC,Z:\TransectTrailCamPics\FA13\RST\R09-BLW1-FA13\Check\R09-BLW1-FA13 (113).JPG,R09-BLW1-FA13 (113).JPG,113,302,R09-BLW1-FA13,R09-BLW1,0,0,Fall,2013,BLW1,BLW,25,0.25,0,0,None,medium,
2013OC,Z:\TransectTrailCamPics\FA13\RST\R09-BLW1-FA13\Pull\R09-BLW1-FA13 (143).JPG,R09-BLW1-FA13 (143).JPG,143,303,R09-BLW1-FA13,R09-BLW1,0,0,Fall,2013,BLW1,BLW,45,0.45,0,0,None,medium,
2013OC,Z:\TransectTrailCamPics\FA13\RST\R09-BLW1-FA13\Pull\R09-BLW1-FA13 (144).JPG,R09-BLW1-FA13 (144).JPG,144,304,R09-BLW1-FA13,R09-BLW1,0,0,Fall,2013,BLW1,BLW,5,0.05,0,0,None,medium,
2013OC,Z:\TransectTrailCamPics\FA13\RST\R09-BLW1-FA13\Pull\R09-BLW1-FA13 (155).JPG,R09-BLW1-FA13 (155).JPG,155,305,R09-BLW1-FA13,R09-BLW1,0,0,Fall,2013,BLW1,BLW,40,0.4,0,0,None,high,
2014JA,Z:\TransectTrailCamPics\WI14\RST\R09-BLW1\Check\R09-BLW1-WI14 (16).JPG,R09-BLW1-WI14 (16).JPG,16,306,R09-BLW1-WI14,R09-BLW1,0,0,Winter,2014,BLW1,BLW,50,0.5,0,0,None,medium,
2014JA,Z:\TransectTrailCamPics\WI14\RST\R09-BLW1\Check\R09-BLW1-WI14 (22).JPG,R09-BLW1-WI14 (22).JPG,22,307,R09-BLW1-WI14,R09-BLW1,0,0,Winter,2014,BLW1,BLW,50,0.5,0,0,None,medium,
2013OC,Z:\TransectTrailCamPics\FA13\RST\R09-CTG3-FA13\Check\R09-CTG3-FA13 (7).JPG,R09-CTG3-FA13 (7).JPG,7,308,R09-CTG3-FA13,R09-CTG3,1,0,Fall,2013,CTG3,CTG,50,0.5,15,0.15,Mild,low,
2013OC,Z:\TransectTrailCamPics\FA13\RST\R09-CTG3-FA13\Check\R09-CTG3-FA13 (8).JPG,R09-CTG3-FA13 (8).JPG,8,309,R09-CTG3-FA13,R09-CTG3,1,0,Fall,2013,CTG3,CTG,50,0.5,15,0.15,Mild,low,
2013OC,Z:\TransectTrailCamPics\FA13\RST\R09-CTG3-FA13\Check\R09-CTG3-FA13 (9).JPG,R09-CTG3-FA13 (9).JPG,9,310,R09-CTG3-FA13,R09-CTG3,0,0,Fall,2013,CTG3,CTG,50,0.5,0,0,None,medium,
2013OC,Z:\TransectTrailCamPics\FA13\RST\R09-CTG3-FA13\Check\R09-CTG3-FA13 (10).JPG,R09-CTG3-FA13 (10).JPG,10,311,R09-CTG3-FA13,R09-CTG3,1,1,Fall,2013,CTG3,CTG,50,0.5,20,0.2,Severe,medium,"hair loss on tail, legs, rump, face"
2013OC,Z:\TransectTrailCamPics\FA13\RST\R09-CTG3-FA13\Check\R09-CTG3-FA13 (11).JPG,R09-CTG3-FA13 (11).JPG,11,312,R09-CTG3-FA13,R09-CTG3,1,1,Fall,2013,CTG3,CTG,45,0.45,20,0.2,Severe,medium,
2013OC,Z:\TransectTrailCamPics\FA13\RST\R09-CTG3-FA13\Check\R09-CTG3-FA13 (14).JPG,R09-CTG3-FA13 (14).JPG,14,313,R09-CTG3-FA13,R09-CTG3,1,0,Fall,2013,CTG3,CTG,45,0.45,20,0.2,Severe,medium,
2013OC,Z:\TransectTrailCamPics\FA13\RST\R09-CTG3-FA13\Check\R09-CTG3-FA13 (28).JPG,R09-CTG3-FA13 (28).JPG,28,314,R09-CTG3-FA13,R09-CTG3,0,0,Fall,2013,CTG3,CTG,50,0.5,0,0,None,high,
2013OC,Z:\TransectTrailCamPics\FA13\RST\R09-CTG3-FA13\Check\R09-CTG3-FA13 (37).JPG,R09-CTG3-FA13 (37).JPG,37,315,R09-CTG3-FA13,R09-CTG3,0,0,Fall,2013,CTG3,CTG,50,0.5,0,0,None,high,
2013OC,Z:\TransectTrailCamPics\FA13\RST\R09-CTG3-FA13\Check\R09-CTG3-FA13 (44).JPG,R09-CTG3-FA13 (44).JPG,44,316,R09-CTG3-FA13,R09-CTG3,1,0,Fall,2013,CTG3,CTG,50,0.5,10,0.1,Severe,medium,
2013OC,Z:\TransectTrailCamPics\FA13\RST\R09-CTG3-FA13\Check\R09-CTG3-FA13 (46).JPG,R09-CTG3-FA13 (46).JPG,46,317,R09-CTG3-FA13,R09-CTG3,1,0,Fall,2013,CTG3,CTG,50,0.5,20,0.2,Severe,medium,
2013OC,Z:\TransectTrailCamPics\FA13\RST\R09-CTG3-FA13\Pull\R09-CTG3-FA13 (53).JPG,R09-CTG3-FA13 (53).JPG,53,318,R09-CTG3-FA13,R09-CTG3,0,0,Fall,2013,CTG3,CTG,50,0.5,0,0,None,high,
2013OC,Z:\TransectTrailCamPics\FA13\RST\R09-CTG3-FA13\Pull\R09-CTG3-FA13 (54).JPG,R09-CTG3-FA13 (54).JPG,54,319,R09-CTG3-FA13,R09-CTG3,0,0,Fall,2013,CTG3,CTG,50,0.5,0,0,None,medium,
2013OC,Z:\TransectTrailCamPics\FA13\RST\R09-CTG3-FA13\Pull\R09-CTG3-FA13 (55).JPG,R09-CTG3-FA13 (55).JPG,55,320,R09-CTG3-FA13,R09-CTG3,0,0,Fall,2013,CTG3,CTG,15,0.15,0,0,None,low,
2013OC,Z:\TransectTrailCamPics\FA13\RST\R09-CTG3-FA13\Pull\R09-CTG3-FA13 (74).JPG,R09-CTG3-FA13 (74).JPG,74,321,R09-CTG3-FA13,R09-CTG3,1,0,Fall,2013,CTG3,CTG,50,0.5,10,0.1,Mild,medium,
2013OC,Z:\TransectTrailCamPics\FA13\RST\R09-CTG3-FA13\Pull\R09-CTG3-FA13 (99).JPG,R09-CTG3-FA13 (99).JPG,99,322,R09-CTG3-FA13,R09-CTG3,0,0,Fall,2013,CTG3,CTG,20,0.2,0,0,None,low,
2013OC,Z:\TransectTrailCamPics\FA13\RST\R09-LIM2-FA13\Pull\R09-LIM2-FA13 (222).JPG,R09-LIM2-FA13 (222).JPG,222,323,R09-LIM2-FA13,R09-LIM2,0,0,Fall,2013,LIM2,LIM,30,0.3,0,0,None,low,
2013OC,Z:\TransectTrailCamPics\FA13\RST\R10-FRM1-FA13\Check\R10-FRM1-FA13 (128).JPG,R10-FRM1-FA13 (128).JPG,128,324,R10-FRM1-FA13,R10-FRM1,0,0,Fall,2013,FRM1,FRM,50,0.5,0,0,None,medium,
2013OC,Z:\TransectTrailCamPics\FA13\RST\R10-FRM1-FA13\Check\R10-FRM1-FA13 (129).JPG,R10-FRM1-FA13 (129).JPG,129,325,R10-FRM1-FA13,R10-FRM1,0,0,Fall,2013,FRM1,FRM,50,0.5,0,0,None,medium,
2013OC,Z:\TransectTrailCamPics\FA13\RST\R10-FRM1-FA13\Check\R10-FRM1-FA13 (235).JPG,R10-FRM1-FA13 (235).JPG,235,326,R10-FRM1-FA13,R10-FRM1,0,1,Fall,2013,FRM1,FRM,50,0.5,0,0,None,medium,
2013OC,Z:\TransectTrailCamPics\FA13\RST\R10-FRM1-FA13\Check\R10-FRM1-FA13 (281).JPG,R10-FRM1-FA13 (281).JPG,281,327,R10-FRM1-FA13,R10-FRM1,0,1,Fall,2013,FRM1,FRM,25,0.25,0,0,None,medium,
2013OC,Z:\TransectTrailCamPics\FA13\RST\R10-FRM1-FA13\Check\R10-FRM1-FA13 (289).JPG,R10-FRM1-FA13 (289).JPG,289,328,R10-FRM1-FA13,R10-FRM1,0,1,Fall,2013,FRM1,FRM,35,0.35,0,0,None,medium,
2013OC,Z:\TransectTrailCamPics\FA13\RST\R10-FRM1-FA13\Pull\R10-FRM1-FA13 (374).JPG,R10-FRM1-FA13 (374).JPG,374,329,R10-FRM1-FA13,R10-FRM1,0,1,Fall,2013,FRM1,FRM,10,0.1,0,0,None,low,
2013OC,Z:\TransectTrailCamPics\FA13\RST\R10-FRM1-FA13\Pull\R10-FRM1-FA13 (428).JPG,R10-FRM1-FA13 (428).JPG,428,330,R10-FRM1-FA13,R10-FRM1,0,0,Fall,2013,FRM1,FRM,35,0.35,0,0,None,medium,
2013OC,Z:\TransectTrailCamPics\FA13\RST\R10-FRM1-FA13\Pull\R10-FRM1-FA13 (595).JPG,R10-FRM1-FA13 (595).JPG,595,331,R10-FRM1-FA13,R10-FRM1,0,0,Fall,2013,FRM1,FRM,45,0.45,0,0,None,medium,
2013OC,Z:\TransectTrailCamPics\FA13\RST\R10-FRM1-FA13\Pull\R10-FRM1-FA13 (596).JPG,R10-FRM1-FA13 (596).JPG,596,332,R10-FRM1-FA13,R10-FRM1,0,0,Fall,2013,FRM1,FRM,50,0.5,0,0,None,high,
2013OC,Z:\TransectTrailCamPics\FA13\RST\R10-FRM1-FA13\Pull\R10-FRM1-FA13 (597).JPG,R10-FRM1-FA13 (597).JPG,597,333,R10-FRM1-FA13,R10-FRM1,0,0,Fall,2013,FRM1,FRM,50,0.5,0,0,None,high,
2014JA,Z:\TransectTrailCamPics\WI14\RST\R10-FRM1\Check\R10-FRM1-WI14 (20).JPG,R10-FRM1-WI14 (20).JPG,20,334,R10-FRM1-WI14,R10-FRM1,0,0,Winter,2014,FRM1,FRM,50,0.5,0,0,None,high,
2014JA,Z:\TransectTrailCamPics\WI14\RST\R10-FRM1\Pull\R10-FRM1-WI14 (36).JPG,R10-FRM1-WI14 (36).JPG,36,335,R10-FRM1-WI14,R10-FRM1,0,0,Winter,2014,FRM1,FRM,50,0.5,0,0,None,high,
2014JA,Z:\TransectTrailCamPics\WI14\RST\R10-FRM1\Pull\R10-FRM1-WI14 (37).JPG,R10-FRM1-WI14 (37).JPG,37,336,R10-FRM1-WI14,R10-FRM1,0,0,Winter,2015,FRM2,FRM,50,0.5,0,0,None,high,
2014JA,Z:\TransectTrailCamPics\WI14\RST\R10-FRM1\Pull\R10-FRM1-WI14 (38).JPG,R10-FRM1-WI14 (38).JPG,38,337,R10-FRM1-WI14,R10-FRM1,0,0,Winter,2014,FRM1,FRM,25,0.25,0,0,None,low,
2014JA,Z:\TransectTrailCamPics\WI14\RST\R10-FRM1\Pull\R10-FRM1-WI14 (39).JPG,R10-FRM1-WI14 (39).JPG,39,338,R10-FRM1-WI14,R10-FRM1,0,0,Winter,2014,FRM1,FRM,25,0.25,0,0,None,medium,
2014JA,Z:\TransectTrailCamPics\WI14\RST\R10-FRM2\Pull\R10-FRM2-WI14 (34).JPG,R10-FRM2-WI14 (34).JPG,34,339,R10-FRM2-WI14,R10-FRM2,0,1,Winter,2014,FRM2,FRM,40,0.4,0,0,None,low,
2014JA,Z:\TransectTrailCamPics\WI14\RST\R10-FRM2\Pull\R10-FRM2-WI14 (35).JPG,R10-FRM2-WI14 (35).JPG,35,340,R10-FRM2-WI14,R10-FRM2,0,1,Winter,2014,FRM2,FRM,45,0.45,0,0,None,low,
2014JA,Z:\TransectTrailCamPics\WI14\RST\R10-FRM2\Pull\R10-FRM2-WI14 (37).JPG,R10-FRM2-WI14 (37).JPG,37,341,R10-FRM2-WI14,R10-FRM2,0,0,Winter,2014,FRM2,FRM,40,0.4,0,0,None,medium,
2014JA,Z:\TransectTrailCamPics\WI14\RST\R10-FRM2\Pull\R10-FRM2-WI14 (38).JPG,R10-FRM2-WI14 (38).JPG,38,342,R10-FRM2-WI14,R10-FRM2,0,0,Winter,2014,FRM2,FRM,40,0.4,0,0,None,medium,
2014JA,Z:\TransectTrailCamPics\WI14\RST\R10-FRM2\Pull\R10-FRM2-WI14 (39).JPG,R10-FRM2-WI14 (39).JPG,39,343,R10-FRM2-WI14,R10-FRM2,0,0,Winter,2014,FRM2,FRM,35,0.35,0,0,None,medium,
2014JA,Z:\TransectTrailCamPics\WI14\RST\R10-FRM2\Pull\R10-FRM2-WI14 (40).JPG,R10-FRM2-WI14 (40).JPG,40,344,R10-FRM2-WI14,R10-FRM2,0,0,Winter,2014,FRM2,FRM,30,0.3,0,0,None,low,
2014JA,Z:\TransectTrailCamPics\WI14\RST\R10-FRM2\Pull\R10-FRM2-WI14 (41).JPG,R10-FRM2-WI14 (41).JPG,41,345,R10-FRM2-WI14,R10-FRM2,0,0,Winter,2014,FRM2,FRM,30,0.3,0,0,None,low,
2014JA,Z:\TransectTrailCamPics\WI14\RST\R10-FRM2\Pull\R10-FRM2-WI14 (42).JPG,R10-FRM2-WI14 (42).JPG,42,346,R10-FRM2-WI14,R10-FRM2,0,0,Winter,2014,FRM2,FRM,30,0.3,0,0,None,low,
2013OC,Z:\TransectTrailCamPics\FA13\RST\R10-WCP3-FA13\Check\R10-WCP3-FA13 (22).JPG,R10-WCP3-FA13 (22).JPG,22,347,R10-WCP3-FA13,R10-WCP3,0,0,Fall,2013,WCP3,WCP,35,0.35,0,0,None,high,
2013OC,Z:\TransectTrailCamPics\FA13\RST\R10-WCP3-FA13\Check\R10-WCP3-FA13 (37).JPG,R10-WCP3-FA13 (37).JPG,37,348,R10-WCP3-FA13,R10-WCP3,0,0,Fall,2013,WCP3,WCP,35,0.35,0,0,None,medium,
2013OC,Z:\TransectTrailCamPics\FA13\RST\R10-WCP3-FA13\Pull\R10-WCP3-FA13 (55).JPG,R10-WCP3-FA13 (55).JPG,55,349,R10-WCP3-FA13,R10-WCP3,0,0,Fall,2013,WCP3,WCP,50,0.5,0,0,None,high,
2014JA,Z:\TransectTrailCamPics\WI14\RST\R10-WCP3\R10-WCP3-WI14 (11).JPG,R10-WCP3-WI14 (11).JPG,11,350,R10-WCP3-WI14,R10-WCP3,0,0,Winter,2014,WCP3,WCP,25,0.25,0,0,None,medium,
2014JA,Z:\TransectTrailCamPics\WI14\RST\R10-WCP3\R10-WCP3-WI14 (14).JPG,R10-WCP3-WI14 (14).JPG,14,351,R10-WCP3-WI14,R10-WCP3,0,1,Winter,2014,WCP3,WCP,45,0.45,0,0,None,high,unusual coloration
2014JA,Z:\TransectTrailCamPics\WI14\RST\R10-WCP3\R10-WCP3-WI14 (17).JPG,R10-WCP3-WI14 (17).JPG,17,352,R10-WCP3-WI14,R10-WCP3,0,0,Winter,2014,WCP3,WCP,40,0.4,0,0,None,medium,
2014JA,Z:\TransectTrailCamPics\WI14\RST\R10-WCP3\R10-WCP3-WI14 (19).JPG,R10-WCP3-WI14 (19).JPG,19,353,R10-WCP3-WI14,R10-WCP3,0,0,Winter,2014,WCP3,WCP,25,0.25,0,0,None,medium,
2014JA,Z:\TransectTrailCamPics\WI14\RST\R10-WCP3\R10-WCP3-WI14 (20).JPG,R10-WCP3-WI14 (20).JPG,20,354,R10-WCP3-WI14,R10-WCP3,0,0,Winter,2014,WCP3,WCP,35,0.35,0,0,None,medium,
2014JA,Z:\TransectTrailCamPics\WI14\RST\R10-WCP3\R10-WCP3-WI14 (21).JPG,R10-WCP3-WI14 (21).JPG,21,355,R10-WCP3-WI14,R10-WCP3,0,1,Winter,2014,WCP3,WCP,25,0.25,0,0,None,medium,
2014JA,Z:\TransectTrailCamPics\WI14\RST\R10-WCP3\R10-WCP3-WI14 (24).JPG,R10-WCP3-WI14 (24).JPG,24,356,R10-WCP3-WI14,R10-WCP3,0,0,Winter,2014,WCP3,WCP,45,0.45,0,0,None,medium,
2014JA,Z:\TransectTrailCamPics\WI14\RST\R10-WCP3\R10-WCP3-WI14 (25).JPG,R10-WCP3-WI14 (25).JPG,25,357,R10-WCP3-WI14,R10-WCP3,0,0,Winter,2014,WCP3,WCP,10,0.1,0,0,None,medium,
2014JA,Z:\TransectTrailCamPics\WI14\RST\R10-WCP3\R10-WCP3-WI14 (39).JPG,R10-WCP3-WI14 (39).JPG,39,358,R10-WCP3-WI14,R10-WCP3,0,0,Winter,2014,WCP3,WCP,35,0.35,0,0,None,low,
2014JA,Z:\TransectTrailCamPics\WI14\RST\R10-WCP3\R10-WCP3-WI14 (40).JPG,R10-WCP3-WI14 (40).JPG,40,359,R10-WCP3-WI14,R10-WCP3,0,0,Winter,2014,WCP3,WCP,20,0.2,0,0,None,low,
2014JA,Z:\TransectTrailCamPics\WI14\RST\R10-WCP3\R10-WCP3-WI14 (41).JPG,R10-WCP3-WI14 (41).JPG,41,360,R10-WCP3-WI14,R10-WCP3,0,0,Winter,2014,WCP3,WCP,50,0.5,0,0,None,medium,
2013OC,Z:\TransectTrailCamPics\FA13\RST\R10-WDW1-FA13\Check\R10-WDW1-FA13 (21).JPG,R10-WDW1-FA13 (21).JPG,21,361,R10-WDW1-FA13,R10-WDW1,1,0,Fall,2013,WDW1,WDW,35,0.35,5,0.05,Moderate,low,
2013OC,Z:\TransectTrailCamPics\FA13\RST\R10-WDW1-FA13\Check\R10-WDW1-FA13 (22).JPG,R10-WDW1-FA13 (22).JPG,22,362,R10-WDW1-FA13,R10-WDW1,1,0,Fall,2013,WDW1,WDW,45,0.45,5,0.05,Moderate,low,
2013OC,Z:\TransectTrailCamPics\FA13\RST\R10-WDW1-FA13\Check\R10-WDW1-FA13 (46).JPG,R10-WDW1-FA13 (46).JPG,46,363,R10-WDW1-FA13,R10-WDW1,1,0,Fall,2013,WDW1,WDW,50,0.5,10,0.1,Moderate,medium,
2013OC,Z:\TransectTrailCamPics\FA13\RST\R10-WDW1-FA13\Check\R10-WDW1-FA13 (47).JPG,R10-WDW1-FA13 (47).JPG,47,364,R10-WDW1-FA13,R10-WDW1,0,0,Fall,2013,WDW1,WDW,50,0.5,0,0,None,low,
2013OC,Z:\TransectTrailCamPics\FA13\RST\R10-WDW1-FA13\Check\R10-WDW1-FA13 (60).JPG,R10-WDW1-FA13 (60).JPG,60,365,R10-WDW1-FA13,R10-WDW1,1,0,Fall,2013,WDW1,WDW,50,0.5,10,0.1,Mild,medium,
2013OC,Z:\TransectTrailCamPics\FA13\RST\R10-WDW1-FA13\Pull\R10-WDW1-FA13 (97).JPG,R10-WDW1-FA13 (97).JPG,97,366,R10-WDW1-FA13,R10-WDW1,0,0,Fall,2013,WDW1,WDW,25,0.25,0,0,None,medium,
2013OC,Z:\TransectTrailCamPics\FA13\RST\R10-WDW1-FA13\Pull\R10-WDW1-FA13 (98).JPG,R10-WDW1-FA13 (98).JPG,98,367,R10-WDW1-FA13,R10-WDW1,1,0,Fall,2013,WDW1,WDW,50,0.5,5,0.05,Mild,medium,
2013OC,Z:\TransectTrailCamPics\FA13\RST\R10-WDW1-FA13\Pull\R10-WDW1-FA13 (99).JPG,R10-WDW1-FA13 (99).JPG,99,368,R10-WDW1-FA13,R10-WDW1,1,0,Fall,2013,WDW1,WDW,50,0.5,5,0.05,Mild,medium,
2013OC,Z:\TransectTrailCamPics\FA13\RST\R10-WDW1-FA13\Pull\R10-WDW1-FA13 (100).JPG,R10-WDW1-FA13 (100).JPG,100,369,R10-WDW1-FA13,R10-WDW1,0,0,Fall,2013,WDW1,WDW,25,0.25,0,0,None,medium,
2013OC,Z:\TransectTrailCamPics\FA13\RST\R10-WDW1-FA13\Pull\R10-WDW1-FA13 (102).JPG,R10-WDW1-FA13 (102).JPG,102,370,R10-WDW1-FA13,R10-WDW1,1,0,Fall,2013,WDW1,WDW,45,0.45,10,0.1,Mild,medium,
2013OC,Z:\TransectTrailCamPics\FA13\RST\R10-WDW1-FA13\Pull\R10-WDW1-FA13 (103).JPG,R10-WDW1-FA13 (103).JPG,103,371,R10-WDW1-FA13,R10-WDW1,0,0,Fall,2013,WDW1,WDW,50,0.5,0,0,None,medium,
2013OC,Z:\TransectTrailCamPics\FA13\RST\R10-WDW1-FA13\Pull\R10-WDW1-FA13 (106).JPG,R10-WDW1-FA13 (106).JPG,106,372,R10-WDW1-FA13,R10-WDW1,0,0,Fall,2013,WDW1,WDW,45,0.45,10,0.1,Mild,medium,
2013OC,Z:\TransectTrailCamPics\FA13\RST\R10-WDW1-FA13\Pull\R10-WDW1-FA13 (107).JPG,R10-WDW1-FA13 (107).JPG,107,373,R10-WDW1-FA13,R10-WDW1,0,0,Fall,2013,WDW1,WDW,50,0.5,10,0.1,Mild,medium,
2013OC,Z:\TransectTrailCamPics\FA13\RST\R10-WDW1-FA13\Pull\R10-WDW1-FA13 (114).JPG,R10-WDW1-FA13 (114).JPG,114,374,R10-WDW1-FA13,R10-WDW1,0,0,Fall,2013,WDW1,WDW,40,0.4,0,0,None,medium,
2013OC,Z:\TransectTrailCamPics\FA13\RST\R10-WDW1-FA13\Pull\R10-WDW1-FA13 (115).JPG,R10-WDW1-FA13 (115).JPG,115,375,R10-WDW1-FA13,R10-WDW1,0,0,Fall,2013,WDW1,WDW,50,0.5,0,0,None,low,
2013OC,Z:\TransectTrailCamPics\FA13\RST\R10-WDW1-FA13\Pull\R10-WDW1-FA13 (116).JPG,R10-WDW1-FA13 (116).JPG,116,376,R10-WDW1-FA13,R10-WDW1,0,0,Fall,2013,WDW1,WDW,40,0.4,0,0,None,medium,
2013OC,Z:\TransectTrailCamPics\FA13\RST\R10-WDW1-FA13\Pull\R10-WDW1-FA13 (124).JPG,R10-WDW1-FA13 (124).JPG,124,377,R10-WDW1-FA13,R10-WDW1,0,0,Fall,2013,WDW1,WDW,50,0.5,5,0.05,Mild,low,
2013OC,Z:\TransectTrailCamPics\FA13\RST\R10-WDW1-FA13\Pull\R10-WDW1-FA13 (128).JPG,R10-WDW1-FA13 (128).JPG,128,378,R10-WDW1-FA13,R10-WDW1,0,0,Fall,2013,WDW1,WDW,10,0.1,0,0,None,medium,
2014JA,Z:\TransectTrailCamPics\WI14\RST\R10-WDW1\Pull\R10-WDW1-WI14 (35).JPG,R10-WDW1-WI14 (35).JPG,35,379,R10-WDW1-WI14,R10-WDW1,0,0,Winter,2014,WDW1,WDW,40,0.4,0,0,None,medium,
2014JA,Z:\TransectTrailCamPics\WI14\SCT\S02-BNS1\Check\S02-BNS1-WI14 (15).JPG,S02-BNS1-WI14 (15).JPG,15,380,S02-BNS1-WI14,S02-BNS1,0,0,Winter,2014,BNS1,BNS,50,0.5,0,0,None,medium,
2013OC,Z:\TransectTrailCamPics\FA13\SCT\S02-CPR1-FA13\Check\S02-CPR1-FA13 (20).JPG,S02-CPR1-FA13 (20).JPG,20,381,S02-CPR1-FA13,S02-CPR1,0,0,Fall,2013,CPR1,CPR,50,0.5,5,0.05,Mild,low,
2013OC,Z:\TransectTrailCamPics\FA13\SCT\S02-CPR1-FA13\Check\S02-CPR1-FA13 (21).JPG,S02-CPR1-FA13 (21).JPG,21,382,S02-CPR1-FA13,S02-CPR1,0,0,Fall,2013,CPR1,CPR,45,0.45,0,0,None,low,
2013OC,Z:\TransectTrailCamPics\FA13\SCT\S02-CPR1-FA13\Check\S02-CPR1-FA13 (22).JPG,S02-CPR1-FA13 (22).JPG,22,383,S02-CPR1-FA13,S02-CPR1,0,0,Fall,2013,CPR1,CPR,45,0.45,0,0,None,low,
2013OC,Z:\TransectTrailCamPics\FA13\SCT\S02-CPR1-FA13\Check\S02-CPR1-FA13 (23).JPG,S02-CPR1-FA13 (23).JPG,23,384,S02-CPR1-FA13,S02-CPR1,0,0,Fall,2013,CPR1,CPR,50,0.5,0,0,None,medium,
2013OC,Z:\TransectTrailCamPics\FA13\SCT\S02-CPR1-FA13\Check\S02-CPR1-FA13 (24).JPG,S02-CPR1-FA13 (24).JPG,24,385,S02-CPR1-FA13,S02-CPR1,1,0,Fall,2013,CPR1,CPR,45,0.45,5,0.05,Mild,high,hair loss at tip of tail
2013OC,Z:\TransectTrailCamPics\FA13\SCT\S02-CPR1-FA13\Check\S02-CPR1-FA13 (25).JPG,S02-CPR1-FA13 (25).JPG,25,386,S02-CPR1-FA13,S02-CPR1,0,0,Fall,2013,CPR1,CPR,50,0.5,0,0,None,high,
2013OC,Z:\TransectTrailCamPics\FA13\SCT\S02-CPR1-FA13\Check\S02-CPR1-FA13 (26).JPG,S02-CPR1-FA13 (26).JPG,26,387,S02-CPR1-FA13,S02-CPR1,0,0,Fall,2013,CPR1,CPR,40,0.4,0,0,None,high,
2013OC,Z:\TransectTrailCamPics\FA13\SCT\S02-CPR1-FA13\Check\S02-CPR1-FA13 (27).JPG,S02-CPR1-FA13 (27).JPG,27,388,S02-CPR1-FA13,S02-CPR1,0,0,Fall,2013,CPR1,CPR,30,0.3,0,0,None,medium,
2013OC,Z:\TransectTrailCamPics\FA13\SCT\S02-CPR1-FA13\Check\S02-CPR1-FA13 (28).JPG,S02-CPR1-FA13 (28).JPG,28,389,S02-CPR1-FA13,S02-CPR1,0,0,Fall,2013,CPR1,CPR,50,0.5,0,0,None,high,
2013OC,Z:\TransectTrailCamPics\FA13\SCT\S02-CPR1-FA13\Pull\S02-CPR1-FA13 (315).JPG,S02-CPR1-FA13 (315).JPG,315,390,S02-CPR1-FA13,S02-CPR1,0,0,Fall,2013,CPR1,CPR,30,0.3,0,0,None,medium,
2013OC,Z:\TransectTrailCamPics\FA13\SCT\S02-CPR1-FA13\Pull\S02-CPR1-FA13 (316).JPG,S02-CPR1-FA13 (316).JPG,316,391,S02-CPR1-FA13,S02-CPR1,0,0,Fall,2013,CPR1,CPR,50,0.5,0,0,None,high,
2014JA,Z:\TransectTrailCamPics\WI14\SCT\S02-CPR1\Check\S02-CPR1-WI14 (1896).JPG,S02-CPR1-WI14 (1896).JPG,1896,392,S02-CPR1-WI14,S02-CPR1,0,1,Winter,2014,CPR1,CPR,50,0.5,0,0,None,low,
2014JA,Z:\TransectTrailCamPics\WI14\SCT\S02-CPR1\Pull\S02-CPR1-WI14 (2217).JPG,S02-CPR1-WI14 (2217).JPG,2217,393,S02-CPR1-WI14,S02-CPR1,0,0,Winter,2014,CPR1,CPR,50,0.5,0,0,None,low,
2014JA,Z:\TransectTrailCamPics\WI14\SCT\S02-CPR1\Pull\S02-CPR1-WI14 (2218).JPG,S02-CPR1-WI14 (2218).JPG,2218,394,S02-CPR1-WI14,S02-CPR1,0,0,Winter,2014,CPR1,CPR,50,0.5,0,0,None,low,
2014JA,Z:\TransectTrailCamPics\WI14\SCT\S02-CPR1\Pull\S02-CPR1-WI14 (2219).JPG,S02-CPR1-WI14 (2219).JPG,2219,395,S02-CPR1-WI14,S02-CPR1,0,0,Winter,2014,CPR1,CPR,50,0.5,0,0,None,low,
2014JA,Z:\TransectTrailCamPics\WI14\SCT\S02-CPR1\Pull\S02-CPR1-WI14 (2220).JPG,S02-CPR1-WI14 (2220).JPG,2220,396,S02-CPR1-WI14,S02-CPR1,0,0,Winter,2014,CPR1,CPR,50,0.5,0,0,None,low,
2014JA,Z:\TransectTrailCamPics\WI14\SCT\S02-CPR1\Pull\S02-CPR1-WI14 (2221).JPG,S02-CPR1-WI14 (2221).JPG,2221,397,S02-CPR1-WI14,S02-CPR1,0,0,Winter,2014,CPR1,CPR,50,0.5,0,0,None,low,
2014JA,Z:\TransectTrailCamPics\WI14\SCT\S02-CPR1\Pull\S02-CPR1-WI14 (2222).JPG,S02-CPR1-WI14 (2222).JPG,2222,398,S02-CPR1-WI14,S02-CPR1,0,0,Winter,2014,CPR1,CPR,50,0.5,0,0,None,low,
2013OC,Z:\TransectTrailCamPics\FA13\SCT\S02-MCP1-FA13\Pull\S02-MCP1-FA13 (288).JPG,S02-MCP1-FA13 (288).JPG,288,399,S02-MCP1-FA13,S02-MCP1,0,0,Fall,2013,MCP1,MCP,25,0.25,0,0,None,low,
2013OC,Z:\TransectTrailCamPics\FA13\SCT\S02-MCP1-FA13\Pull\S02-MCP1-FA13 (289).JPG,S02-MCP1-FA13 (289).JPG,289,400,S02-MCP1-FA13,S02-MCP1,0,0,Fall,2013,MCP1,MCP,35,0.35,0,0,None,low,
2013OC,Z:\TransectTrailCamPics\FA13\SCT\S03-JKP2-FA13\Check\S03-JKP2-FA13 (34).JPG,S03-JKP2-FA13 (34).JPG,34,401,S03-JKP2-FA13,S03-JKP2,0,0,Fall,2013,JKP2,JKP,50,0.5,0,0,None,medium,
2013OC,Z:\TransectTrailCamPics\FA13\SCT\S03-JKP2-FA13\Pull\S03-JKP2-FA13 (122).JPG,S03-JKP2-FA13 (122).JPG,122,402,S03-JKP2-FA13,S03-JKP2,0,0,Fall,2013,JKP2,JKP,50,0.5,0,0,None,high,
2013OC,Z:\TransectTrailCamPics\FA13\SCT\S03-JKP2-FA13\Pull\S03-JKP2-FA13 (154).JPG,S03-JKP2-FA13 (154).JPG,154,403,S03-JKP2-FA13,S03-JKP2,0,0,Fall,2013,JKP2,JKP,50,0.5,0,0,None,high,
2013OC,Z:\TransectTrailCamPics\FA13\SCT\S03-JKP2-FA13\Pull\S03-JKP2-FA13 (158).JPG,S03-JKP2-FA13 (158).JPG,158,404,S03-JKP2-FA13,S03-JKP2,0,0,Fall,2013,JKP2,JKP,50,0.5,0,0,None,high,
2013OC,Z:\TransectTrailCamPics\FA13\SCT\S03-JKP2-FA13\Pull\S03-JKP2-FA13 (159).JPG,S03-JKP2-FA13 (159).JPG,159,405,S03-JKP2-FA13,S03-JKP2,0,0,Fall,2013,JKP2,JKP,50,0.5,0,0,None,high,
2013OC,Z:\TransectTrailCamPics\FA13\SCT\S03-LCP1-FA13\Check\S03-LCP1-FA13 (26).JPG,S03-LCP1-FA13 (26).JPG,26,406,S03-LCP1-FA13,S03-LCP1,0,0,Fall,2013,LCP1,LCP,50,0.5,0,0,None,medium,
2013OC,Z:\TransectTrailCamPics\FA13\SCT\S03-LCP1-FA13\Check\S03-LCP1-FA13 (27).JPG,S03-LCP1-FA13 (27).JPG,27,407,S03-LCP1-FA13,S03-LCP1,0,0,Fall,2013,LCP1,LCP,25,0.25,0,0,None,medium,
2013OC,Z:\TransectTrailCamPics\FA13\SCT\S03-LCP1-FA13\Check\S03-LCP1-FA13 (29).JPG,S03-LCP1-FA13 (29).JPG,29,408,S03-LCP1-FA13,S03-LCP1,0,0,Fall,2013,LCP1,LCP,30,0.3,0,0,None,high,
2013OC,Z:\TransectTrailCamPics\FA13\SCT\S03-LCP1-FA13\Check\S03-LCP1-FA13 (40).JPG,S03-LCP1-FA13 (40).JPG,40,409,S03-LCP1-FA13,S03-LCP1,0,0,Fall,2013,LCP1,LCP,25,0.25,0,0,None,high,
2013OC,Z:\TransectTrailCamPics\FA13\SCT\S03-LCP1-FA13\Check\S03-LCP1-FA13 (43).JPG,S03-LCP1-FA13 (43).JPG,43,410,S03-LCP1-FA13,S03-LCP1,1,0,Fall,2013,LCP1,LCP,50,0.5,5,0.05,Mild,high,lesions on legs
2013OC,Z:\TransectTrailCamPics\FA13\SCT\S04-HAP1-FA13\Check\S04-HAP1-FA13 (189).JPG,S04-HAP1-FA13 (189).JPG,189,411,S04-HAP1-FA13,S04-HAP1,0,0,Fall,2013,HAP1,HAP,50,0.5,0,0,None,medium,
2013OC,Z:\TransectTrailCamPics\FA13\SCT\S04-OTW1-FA13\Check\S04-OTW1-FA13 (157).JPG,S04-OTW1-FA13 (157).JPG,157,412,S04-OTW1-FA13,S04-OTW1,0,0,Fall,2013,OTW1,OTW,15,0.15,0,0,None,low,
2013OC,Z:\TransectTrailCamPics\FA13\SCT\S04-OTW1-FA13\Check\S04-OTW1-FA13 (159).JPG,S04-OTW1-FA13 (159).JPG,159,413,S04-OTW1-FA13,S04-OTW1,0,0,Fall,2013,OTW1,OTW,25,0.25,0,0,None,high,
2013OC,Z:\TransectTrailCamPics\FA13\SCT\S04-OTW1-FA13\Pull\S04-OTW1-FA13 (323).JPG,S04-OTW1-FA13 (323).JPG,323,414,S04-OTW1-FA13,S04-OTW1,0,0,Fall,2013,OTW1,OTW,50,0.5,0,0,None,high,
2013OC,Z:\TransectTrailCamPics\FA13\SCT\S04-OTW1-FA13\Pull\S04-OTW1-FA13 (392).JPG,S04-OTW1-FA13 (392).JPG,392,415,S04-OTW1-FA13,S04-OTW1,1,1,Fall,2013,OTW1,OTW,25,0.25,5,0.05,Mild,high,
2013OC,Z:\TransectTrailCamPics\FA13\SCT\S04-OTW1-FA13\Pull\S04-OTW1-FA13 (393).JPG,S04-OTW1-FA13 (393).JPG,393,416,S04-OTW1-FA13,S04-OTW1,1,1,Fall,2013,OTW1,OTW,45,0.45,5,0.05,Mild,high,
2014JA,Z:\TransectTrailCamPics\WI14\SCT\S04-OTW1\Check\S04-OTW1-WI14 (501).JPG,S04-OTW1-WI14 (501).JPG,501,417,S04-OTW1-WI14,S04-OTW1,0,0,Winter,2014,OTW1,OTW,50,0.5,0,0,None,medium,
2014JA,Z:\TransectTrailCamPics\WI14\SCT\S04-OTW1\Check\S04-OTW1-WI14 (502).JPG,S04-OTW1-WI14 (502).JPG,502,418,S04-OTW1-WI14,S04-OTW1,0,0,Winter,2014,OTW1,OTW,50,0.5,0,0,None,medium,
2014JA,Z:\TransectTrailCamPics\WI14\SCT\S04-OTW1\Check\S04-OTW1-WI14 (503).JPG,S04-OTW1-WI14 (503).JPG,503,419,S04-OTW1-WI14,S04-OTW1,0,0,Winter,2014,OTW1,OTW,50,0.5,0,0,None,medium,
2014JA,Z:\TransectTrailCamPics\WI14\SCT\S04-OTW1\Check\S04-OTW1-WI14 (504).JPG,S04-OTW1-WI14 (504).JPG,504,420,S04-OTW1-WI14,S04-OTW1,0,0,Winter,2014,OTW1,OTW,50,0.5,0,0,None,low,
2013OC,Z:\TransectTrailCamPics\FA13\SCT\S05-LNC1-FA13\S05-LNC1-FA13 (29).JPG,S05-LNC1-FA13 (29).JPG,29,421,S05-LNC1-FA13,S05-LNC1,0,0,Fall,2013,LNC1,LNC,40,0.4,0,0,None,medium,
2013OC,Z:\TransectTrailCamPics\FA13\SCT\S05-LNC1-FA13\S05-LNC1-FA13 (30).JPG,S05-LNC1-FA13 (30).JPG,30,422,S05-LNC1-FA13,S05-LNC1,0,0,Fall,2013,LNC1,LNC,45,0.45,0,0,None,low,
2013OC,Z:\TransectTrailCamPics\FA13\SCT\S05-LNC1-FA13\S05-LNC1-FA13 (62).JPG,S05-LNC1-FA13 (62).JPG,62,423,S05-LNC1-FA13,S05-LNC1,0,0,Fall,2013,LNC1,LNC,50,0.5,0,0,None,medium,
2013OC,Z:\TransectTrailCamPics\FA13\SCT\S05-RES1-FA13\Pull\S05-RES1-FA13 (203).JPG,S05-RES1-FA13 (203).JPG,203,424,S05-RES1-FA13,S05-RES1,0,0,Fall,2013,RES1,RES,50,0.5,0,0,None,high,
2013OC,Z:\TransectTrailCamPics\FA13\SCT\S05-RES1-FA13\Pull\S05-RES1-FA13 (204).JPG,S05-RES1-FA13 (204).JPG,204,425,S05-RES1-FA13,S05-RES1,0,0,Fall,2013,RES1,RES,50,0.5,0,0,None,high,
2013OC,Z:\TransectTrailCamPics\FA13\SCT\S05-RES1-FA13\Pull\S05-RES1-FA13 (205).JPG,S05-RES1-FA13 (205).JPG,205,426,S05-RES1-FA13,S05-RES1,0,0,Fall,2013,RES1,RES,50,0.5,0,0,None,high,
2013OC,Z:\TransectTrailCamPics\FA13\SCT\S05-SFP2-FA13\Check\S05-SFP2-FA13 (79).JPG,S05-SFP2-FA13 (79).JPG,79,427,S05-SFP2-FA13,S05-SFP2,0,0,Fall,2013,SFP2,SFP,50,0.5,0,0,None,high,
2013OC,Z:\TransectTrailCamPics\FA13\SCT\S05-SFP2-FA13\Check\S05-SFP2-FA13 (81).JPG,S05-SFP2-FA13 (81).JPG,81,428,S05-SFP2-FA13,S05-SFP2,0,0,Fall,2013,SFP2,SFP,50,0.5,0,0,None,high,
2013OC,Z:\TransectTrailCamPics\FA13\SCT\S05-SFP2-FA13\Check\S05-SFP2-FA13 (102).JPG,S05-SFP2-FA13 (102).JPG,102,429,S05-SFP2-FA13,S05-SFP2,0,0,Fall,2013,SFP2,SFP,50,0.5,0,0,None,medium,
2013OC,Z:\TransectTrailCamPics\FA13\SCT\S05-SFP2-FA13\Check\S05-SFP2-FA13 (154).JPG,S05-SFP2-FA13 (154).JPG,154,430,S05-SFP2-FA13,S05-SFP2,0,0,Fall,2013,SFP2,SFP,25,0.25,0,0,None,high,
2013OC,Z:\TransectTrailCamPics\FA13\SCT\S05-SFP2-FA13\Check\S05-SFP2-FA13 (155).JPG,S05-SFP2-FA13 (155).JPG,155,431,S05-SFP2-FA13,S05-SFP2,0,0,Fall,2013,SFP2,SFP,30,0.3,0,0,None,medium,
2013OC,Z:\TransectTrailCamPics\FA13\SCT\S05-SFP2-FA13\Pull\S05-SFP2-FA13 (257).JPG,S05-SFP2-FA13 (257).JPG,257,432,S05-SFP2-FA13,S05-SFP2,0,0,Fall,2013,SFP2,SFP,50,0.5,0,0,None,high,
2014JA,Z:\TransectTrailCamPics\WI14\SCT\S05-SFP2\Pull\S05-SFP2-WI14 (2237).JPG,S05-SFP2-WI14 (2237).JPG,2237,433,S05-SFP2-WI14,S05-SFP2,0,0,Winter,2014,SFP2,SFP,50,0.5,0,0,None,medium,
2014JA,Z:\TransectTrailCamPics\WI14\SCT\S05-SFP2\Pull\S05-SFP2-WI14 (2238).JPG,S05-SFP2-WI14 (2238).JPG,2238,434,S05-SFP2-WI14,S05-SFP2,0,0,Winter,2014,SFP2,SFP,10,0.1,0,0,None,low,
2014JA,Z:\TransectTrailCamPics\WI14\SCT\S05-SFP2\Pull\S05-SFP2-WI14 (2239).JPG,S05-SFP2-WI14 (2239).JPG,2239,435,S05-SFP2-WI14,S05-SFP2,0,0,Winter,2014,SFP2,SFP,50,0.5,0,0,None,low,
2013OC,Z:\TransectTrailCamPics\FA13\SCT\S06-CBW1-FA13\Check\S06-CBW1-FA13 (153).JPG,S06-CBW1-FA13 (153).JPG,153,436,S06-CBW1-FA13,S06-CBW1,0,1,Fall,2013,CBW1,CBW,50,0.5,0,0,None,high,
2013OC,Z:\TransectTrailCamPics\FA13\SCT\S06-CBW1-FA13\Pull\S06-CBW1-FA13 (268).JPG,S06-CBW1-FA13 (268).JPG,268,437,S06-CBW1-FA13,S06-CBW1,0,0,Fall,2013,CBW1,CBW,50,0.5,0,0,None,high,
2013OC,Z:\TransectTrailCamPics\FA13\SCT\S07-SAG1-FA13\Pull\S07-SAG1-FA13 (35).JPG,S07-SAG1-FA13 (35).JPG,35,438,S07-SAG1-FA13,S07-SAG1,0,0,Fall,2013,SAG1,SAG,40,0.4,0,0,None,high,
2013OC,Z:\TransectTrailCamPics\FA13\SCT\S07-SAG1-FA13\Pull\S07-SAG1-FA13 (36).JPG,S07-SAG1-FA13 (36).JPG,36,439,S07-SAG1-FA13,S07-SAG1,0,0,Fall,2013,SAG1,SAG,50,0.5,0,0,None,medium,
2014JA,Z:\TransectTrailCamPics\WI14\SCT\S07-SAG1\Pull\S07-SAG1-WI14 (15).JPG,S07-SAG1-WI14 (15).JPG,15,440,S07-SAG1-WI14,S07-SAG1,0,0,Winter,2014,SAG1,SAG,50,0.5,0,0,None,high,
2013OC,Z:\TransectTrailCamPics\FA13\SCT\S07-STJ1-FA13\Check\S07-STJ1-FA13 (7).JPG,S07-STJ1-FA13 (7).JPG,7,441,S07-STJ1-FA13,S07-STJ1,0,0,Fall,2013,STJ1,STJ,50,0.5,0,0,None,high,
2013OC,Z:\TransectTrailCamPics\FA13\SCT\S07-STJ1-FA13\Check\S07-STJ1-FA13 (8).JPG,S07-STJ1-FA13 (8).JPG,8,442,S07-STJ1-FA13,S07-STJ1,0,0,Fall,2013,STJ1,STJ,35,0.35,0,0,None,high,
2013OC,Z:\TransectTrailCamPics\FA13\SCT\S07-STJ1-FA13\Check\S07-STJ1-FA13 (9).JPG,S07-STJ1-FA13 (9).JPG,9,443,S07-STJ1-FA13,S07-STJ1,0,0,Fall,2013,STJ1,STJ,50,0.5,0,0,None,high,
2013OC,Z:\TransectTrailCamPics\FA13\SCT\S07-STJ1-FA13\Check\S07-STJ1-FA13 (10).JPG,S07-STJ1-FA13 (10).JPG,10,444,S07-STJ1-FA13,S07-STJ1,0,0,Fall,2013,STJ1,STJ,50,0.5,0,0,None,high,
2013OC,Z:\TransectTrailCamPics\FA13\SCT\S07-STJ1-FA13\Check\S07-STJ1-FA13 (30).JPG,S07-STJ1-FA13 (30).JPG,30,445,S07-STJ1-FA13,S07-STJ1,0,0,Fall,2013,STJ1,STJ,50,0.5,0,0,None,high,
2013OC,Z:\TransectTrailCamPics\FA13\SCT\S07-STJ1-FA13\Check\S07-STJ1-FA13 (68).JPG,S07-STJ1-FA13 (68).JPG,68,446,S07-STJ1-FA13,S07-STJ1,0,0,Fall,2013,STJ1,STJ,50,0.5,0,0,None,high,
2013OC,Z:\TransectTrailCamPics\FA13\SCT\S07-STJ1-FA13\Pull\S07-STJ1-FA13 (100).JPG,S07-STJ1-FA13 (100).JPG,100,447,S07-STJ1-FA13,S07-STJ1,0,0,Fall,2013,STJ1,STJ,50,0.5,0,0,None,high,
2013OC,Z:\TransectTrailCamPics\FA13\SCT\S07-STJ1-FA13\Pull\S07-STJ1-FA13 (101).JPG,S07-STJ1-FA13 (101).JPG,101,448,S07-STJ1-FA13,S07-STJ1,0,0,Fall,2013,STJ1,STJ,45,0.45,0,0,None,medium,
2013OC,Z:\TransectTrailCamPics\FA13\SCT\S07-STJ1-FA13\Pull\S07-STJ1-FA13 (116).JPG,S07-STJ1-FA13 (116).JPG,116,449,S07-STJ1-FA13,S07-STJ1,0,0,Fall,2013,STJ1,STJ,35,0.35,0,0,None,low,
2013OC,Z:\TransectTrailCamPics\FA13\SCT\S07-STJ1-FA13\Pull\S07-STJ1-FA13 (117).JPG,S07-STJ1-FA13 (117).JPG,117,450,S07-STJ1-FA13,S07-STJ1,0,0,Fall,2013,STJ1,STJ,45,0.45,0,0,None,high,
2013OC,Z:\TransectTrailCamPics\FA13\SCT\S07-STJ1-FA13\Pull\S07-STJ1-FA13 (122).JPG,S07-STJ1-FA13 (122).JPG,122,451,S07-STJ1-FA13,S07-STJ1,0,0,Fall,2013,STJ1,STJ,40,0.4,0,0,None,high,
2013OC,Z:\TransectTrailCamPics\FA13\SCT\S07-STJ1-FA13\Pull\S07-STJ1-FA13 (123).JPG,S07-STJ1-FA13 (123).JPG,123,452,S07-STJ1-FA13,S07-STJ1,0,0,Fall,2013,STJ1,STJ,50,0.5,0,0,None,high,
2013OC,Z:\TransectTrailCamPics\FA13\SCT\S07-STJ1-FA13\Pull\S07-STJ1-FA13 (124).JPG,S07-STJ1-FA13 (124).JPG,124,453,S07-STJ1-FA13,S07-STJ1,0,0,Fall,2013,STJ1,STJ,45,0.45,0,0,None,high,
2013OC,Z:\TransectTrailCamPics\FA13\SCT\S07-STJ1-FA13\Pull\S07-STJ1-FA13 (125).JPG,S07-STJ1-FA13 (125).JPG,125,454,S07-STJ1-FA13,S07-STJ1,0,0,Fall,2013,STJ1,STJ,25,0.25,0,0,None,high,
2013OC,Z:\TransectTrailCamPics\FA13\SCT\S07-STJ1-FA13\Pull\S07-STJ1-FA13 (126).JPG,S07-STJ1-FA13 (126).JPG,126,455,S07-STJ1-FA13,S07-STJ1,0,0,Fall,2013,STJ1,STJ,50,0.5,0,0,None,high,
2013OC,Z:\TransectTrailCamPics\FA13\SCT\S07-STJ1-FA13\Pull\S07-STJ1-FA13 (127).JPG,S07-STJ1-FA13 (127).JPG,127,456,S07-STJ1-FA13,S07-STJ1,0,0,Fall,2013,STJ1,STJ,45,0.45,0,0,None,high,
2013OC,Z:\TransectTrailCamPics\FA13\SCT\S07-STJ1-FA13\Pull\S07-STJ1-FA13 (128).JPG,S07-STJ1-FA13 (128).JPG,128,457,S07-STJ1-FA13,S07-STJ1,0,0,Fall,2013,STJ1,STJ,45,0.45,0,0,None,high,
2014JA,Z:\TransectTrailCamPics\WI14\SCT\S07-STJ1\Check\S07-STJ1-WI14 (1455).JPG,S07-STJ1-WI14 (1455).JPG,1455,458,S07-STJ1-WI14,S07-STJ1,0,0,Winter,2014,STJ1,STJ,50,0.5,0,0,None,high,
2014JA,Z:\TransectTrailCamPics\WI14\SCT\S07-STJ1\Check\S07-STJ1-WI14 (1456).JPG,S07-STJ1-WI14 (1456).JPG,1456,459,S07-STJ1-WI14,S07-STJ1,0,0,Winter,2014,STJ1,STJ,50,0.5,0,0,None,high,
2014JA,Z:\TransectTrailCamPics\WI14\SCT\S07-STJ1\Check\S07-STJ1-WI14 (1457).JPG,S07-STJ1-WI14 (1457).JPG,1457,460,S07-STJ1-WI14,S07-STJ1,0,0,Winter,2014,STJ1,STJ,50,0.5,0,0,None,high,
2014JA,Z:\TransectTrailCamPics\WI14\SCT\S07-STJ1\Check\S07-STJ1-WI14 (1458).JPG,S07-STJ1-WI14 (1458).JPG,1458,461,S07-STJ1-WI14,S07-STJ1,0,0,Winter,2014,STJ1,STJ,25,0.25,0,0,None,medium,
2014JA,Z:\TransectTrailCamPics\WI14\SCT\S07-STJ1\Check\S07-STJ1-WI14 (1459).JPG,S07-STJ1-WI14 (1459).JPG,1459,462,S07-STJ1-WI14,S07-STJ1,0,0,Winter,2014,STJ1,STJ,50,0.5,0,0,None,high,
2014JA,Z:\TransectTrailCamPics\WI14\SCT\S07-STJ1\Check\S07-STJ1-WI14 (1460).JPG,S07-STJ1-WI14 (1460).JPG,1460,463,S07-STJ1-WI14,S07-STJ1,0,0,Winter,2014,STJ1,STJ,50,0.5,0,0,None,high,
2014JA,Z:\TransectTrailCamPics\WI14\SCT\S07-STJ1\Check\S07-STJ1-WI14 (1461).JPG,S07-STJ1-WI14 (1461).JPG,1461,464,S07-STJ1-WI14,S07-STJ1,0,0,Winter,2014,STJ1,STJ,20,0.2,0,0,None,medium,
2014JA,Z:\TransectTrailCamPics\WI14\SCT\S07-STJ1\Pull\S07-STJ1-WI14 (2226).JPG,S07-STJ1-WI14 (2226).JPG,2226,465,S07-STJ1-WI14,S07-STJ1,0,1,Winter,2014,STJ1,STJ,50,0.5,0,0,None,medium,
2013OC,Z:\TransectTrailCamPics\FA13\SCT\S07-WGL2-FA13\Check\S07-WGL2-FA13 (64).JPG,S07-WGL2-FA13 (64).JPG,64,466,S07-WGL2-FA13,S07-WGL2,0,0,Fall,2013,WGL2,WGL,40,0.4,0,0,None,low,
2013OC,Z:\TransectTrailCamPics\FA13\SCT\S07-WGL2-FA13\Check\S07-WGL2-FA13 (65).JPG,S07-WGL2-FA13 (65).JPG,65,467,S07-WGL2-FA13,S07-WGL2,0,0,Fall,2013,WGL2,WGL,35,0.35,0,0,None,medium,
2013OC,Z:\TransectTrailCamPics\FA13\SCT\S07-WGL2-FA13\Check\S07-WGL2-FA13 (67).JPG,S07-WGL2-FA13 (67).JPG,67,468,S07-WGL2-FA13,S07-WGL2,0,0,Fall,2013,WGL2,WGL,45,0.45,0,0,None,medium,
2013OC,Z:\TransectTrailCamPics\FA13\SCT\S07-WGL2-FA13\Check\S07-WGL2-FA13 (68).JPG,S07-WGL2-FA13 (68).JPG,68,469,S07-WGL2-FA13,S07-WGL2,0,0,Fall,2013,WGL2,WGL,50,0.5,0,0,None,medium,
2013OC,Z:\TransectTrailCamPics\FA13\SCT\S07-WGL2-FA13\Check\S07-WGL2-FA13 (70).JPG,S07-WGL2-FA13 (70).JPG,70,470,S07-WGL2-FA13,S07-WGL2,0,0,Fall,2013,WGL2,WGL,50,0.5,0,0,None,high,
2013OC,Z:\TransectTrailCamPics\FA13\SCT\S07-WGL2-FA13\Check\S07-WGL2-FA13 (71).JPG,S07-WGL2-FA13 (71).JPG,71,471,S07-WGL2-FA13,S07-WGL2,0,0,Fall,2013,WGL2,WGL,25,0.25,0,0,None,medium,
2013OC,Z:\TransectTrailCamPics\FA13\SCT\S07-WGL2-FA13\Check\S07-WGL2-FA13 (72).JPG,S07-WGL2-FA13 (72).JPG,72,472,S07-WGL2-FA13,S07-WGL2,0,0,Fall,2013,WGL2,WGL,50,0.5,0,0,None,medium,
2013OC,Z:\TransectTrailCamPics\FA13\SCT\S07-WGL2-FA13\Pull\S07-WGL2-FA13 (89).JPG,S07-WGL2-FA13 (89).JPG,89,473,S07-WGL2-FA13,S07-WGL2,0,0,Fall,2013,WGL2,WGL,25,0.25,0,0,None,medium,
2013OC,Z:\TransectTrailCamPics\FA13\SCT\S07-WGL2-FA13\Pull\S07-WGL2-FA13 (101).JPG,S07-WGL2-FA13 (101).JPG,101,474,S07-WGL2-FA13,S07-WGL2,0,0,Fall,2013,WGL2,WGL,30,0.3,0,0,None,medium,
2013OC,Z:\TransectTrailCamPics\FA13\SCT\S07-WGL2-FA13\Pull\S07-WGL2-FA13 (116).JPG,S07-WGL2-FA13 (116).JPG,116,475,S07-WGL2-FA13,S07-WGL2,0,0,Fall,2013,WGL2,WGL,40,0.4,0,0,None,medium,
2013OC,Z:\TransectTrailCamPics\FA13\SCT\S07-WGL2-FA13\Pull\S07-WGL2-FA13 (117).JPG,S07-WGL2-FA13 (117).JPG,117,476,S07-WGL2-FA13,S07-WGL2,0,0,Fall,2013,WGL2,WGL,40,0.4,0,0,None,medium,
2013OC,Z:\TransectTrailCamPics\FA13\SCT\S07-WGL2-FA13\Pull\S07-WGL2-FA13 (118).JPG,S07-WGL2-FA13 (118).JPG,118,477,S07-WGL2-FA13,S07-WGL2,0,0,Fall,2013,WGL2,WGL,25,0.25,0,0,None,medium,
2013OC,Z:\TransectTrailCamPics\FA13\SCT\S07-WGL2-FA13\Pull\S07-WGL2-FA13 (120).JPG,S07-WGL2-FA13 (120).JPG,120,478,S07-WGL2-FA13,S07-WGL2,0,0,Fall,2013,WGL2,WGL,45,0.45,0,0,None,high,
2014JA,Z:\TransectTrailCamPics\WI14\SCT\S07-WGL2\Check\S07-WGL2-WI14 (15).JPG,S07-WGL2-WI14 (15).JPG,15,479,S07-WGL2-WI14,S07-WGL2,0,0,Winter,2014,WGL2,WGL,50,0.5,0,0,None,high,
2014JA,Z:\TransectTrailCamPics\WI14\SCT\S07-WGL2\Check\S07-WGL2-WI14 (16).JPG,S07-WGL2-WI14 (16).JPG,16,480,S07-WGL2-WI14,S07-WGL2,0,0,Winter,2014,WGL2,WGL,50,0.5,0,0,None,high,
2014JA,Z:\TransectTrailCamPics\WI14\SCT\S07-WGL2\Check\S07-WGL2-WI14 (17).JPG,S07-WGL2-WI14 (17).JPG,17,481,S07-WGL2-WI14,S07-WGL2,0,0,Winter,2014,WGL2,WGL,40,0.4,0,0,None,medium,
2014JA,Z:\TransectTrailCamPics\WI14\SCT\S07-WGL2\Check\S07-WGL2-WI14 (18).JPG,S07-WGL2-WI14 (18).JPG,18,482,S07-WGL2-WI14,S07-WGL2,0,0,Winter,2014,WGL2,WGL,35,0.35,0,0,None,high,
2013OC,Z:\TransectTrailCamPics\FA13\SCT\S08-WGL1-FA13\Pull\S08-WGL1-FA13 (48).JPG,S08-WGL1-FA13 (48).JPG,48,483,S08-WGL1-FA13,S08-WGL1,0,0,Fall,2013,WGL1,WGL,25,0.25,0,0,None,medium,
2014JA,Z:\TransectTrailCamPics\WI14\SCT\S08-WGL1\Check\S08-WGL1-WI14 (15).JPG,S08-WGL1-WI14 (15).JPG,15,484,S08-WGL1-WI14,S08-WGL1,0,0,Winter,2014,WGL1,WGL,50,0.5,0,0,None,medium,
2014JA,Z:\TransectTrailCamPics\WI14\SCT\S08-WGL1\Check\S08-WGL1-WI14 (16).JPG,S08-WGL1-WI14 (16).JPG,16,485,S08-WGL1-WI14,S08-WGL1,0,0,Winter,2014,WGL1,WGL,50,0.5,0,0,None,medium,
2014JA,Z:\TransectTrailCamPics\WI14\SCT\S08-WGL1\Check\S08-WGL1-WI14 (17).JPG,S08-WGL1-WI14 (17).JPG,17,486,S08-WGL1-WI14,S08-WGL1,0,0,Winter,2014,WGL1,WGL,50,0.5,0,0,None,medium,
2014JA,Z:\TransectTrailCamPics\WI14\SCT\S08-WGL1\Check\S08-WGL1-WI14 (18).JPG,S08-WGL1-WI14 (18).JPG,18,487,S08-WGL1-WI14,S08-WGL1,0,0,Winter,2014,WGL1,WGL,5,0.05,0,0,None,high,
2014JA,Z:\TransectTrailCamPics\WI14\SCT\S08-WGL1\Check\S08-WGL1-WI14 (19).JPG,S08-WGL1-WI14 (19).JPG,19,488,S08-WGL1-WI14,S08-WGL1,1,1,Winter,2014,WGL1,WGL,50,0.5,30,0.3,Moderate,medium,"hair loss on tail, back, face"
2014JA,Z:\TransectTrailCamPics\WI14\SCT\S08-WGL1\Check\S08-WGL1-WI14 (20).JPG,S08-WGL1-WI14 (20).JPG,20,489,S08-WGL1-WI14,S08-WGL1,1,1,Winter,2014,WGL1,WGL,50,0.5,20,0.2,None,medium,
2014JA,Z:\TransectTrailCamPics\WI14\SCT\S08-WGL1\Check\S08-WGL1-WI14 (21).JPG,S08-WGL1-WI14 (21).JPG,21,490,S08-WGL1-WI14,S08-WGL1,1,1,Winter,2014,WGL1,WGL,50,0.5,30,0.3,None,medium,
2014JA,Z:\TransectTrailCamPics\WI14\SCT\S08-WGL1\Check\S08-WGL1-WI14 (24).JPG,S08-WGL1-WI14 (24).JPG,24,491,S08-WGL1-WI14,S08-WGL1,1,1,Winter,2014,WGL1,WGL,50,0.5,5,0.05,Mild,medium,
2014JA,Z:\TransectTrailCamPics\WI14\SCT\S08-WGL1\Check\S08-WGL1-WI14 (25).JPG,S08-WGL1-WI14 (25).JPG,25,492,S08-WGL1-WI14,S08-WGL1,1,1,Winter,2014,WGL1,WGL,50,0.5,15,0.15,Moderate,medium,rat tail
2014JA,Z:\TransectTrailCamPics\WI14\SCT\S08-WGL1\Pull\S08-WGL1-WI14 (63).JPG,S08-WGL1-WI14 (63).JPG,63,493,S08-WGL1-WI14,S08-WGL1,0,0,Winter,2014,WGL1,WGL,25,0.25,0,0,None,medium,
2014JA,Z:\TransectTrailCamPics\WI14\SCT\S08-WGL1\Pull\S08-WGL1-WI14 (64).JPG,S08-WGL1-WI14 (64).JPG,64,494,S08-WGL1-WI14,S08-WGL1,1,0,Winter,2014,WGL1,WGL,50,0.5,5,0.05,Mild,high,hair loss on top of tail
2014JA,Z:\TransectTrailCamPics\WI14\SCT\S08-WGL1\Pull\S08-WGL1-WI14 (65).JPG,S08-WGL1-WI14 (65).JPG,65,495,S08-WGL1-WI14,S08-WGL1,0,0,Winter,2014,WGL1,WGL,50,0.5,0,0,None,high,
2014JA,Z:\TransectTrailCamPics\WI14\SCT\S08-WGL1\Pull\S08-WGL1-WI14 (66).JPG,S08-WGL1-WI14 (66).JPG,66,496,S08-WGL1-WI14,S08-WGL1,0,0,Winter,2014,WGL1,WGL,45,0.45,0,0,None,high,
2014JA,Z:\TransectTrailCamPics\WI14\SCT\S08-WGL1\Pull\S08-WGL1-WI14 (67).JPG,S08-WGL1-WI14 (67).JPG,67,497,S08-WGL1-WI14,S08-WGL1,0,0,Winter,2014,WGL1,WGL,30,0.3,0,0,None,medium,
2014JA,Z:\TransectTrailCamPics\WI14\SCT\S08-WGL1\Pull\S08-WGL1-WI14 (73).JPG,S08-WGL1-WI14 (73).JPG,73,498,S08-WGL1-WI14,S08-WGL1,0,0,Winter,2014,WGL1,WGL,15,0.15,0,0,None,low,
2014JA,Z:\TransectTrailCamPics\WI14\SCT\S08-WGL1\Pull\S08-WGL1-WI14 (75).JPG,S08-WGL1-WI14 (75).JPG,75,499,S08-WGL1-WI14,S08-WGL1,1,1,Winter,2014,WGL1,WGL,45,0.45,35,0.35,Severe,medium,"Hair loss on tail, back, head, haunches"
2013OC,Z:\TransectTrailCamPics\FA13\SCT\S08-WGL2-FA13\Pull\S08-WGL2-FA13 (654).JPG,S08-WGL2-FA13 (654).JPG,654,500,S08-WGL2-FA13,S08-WGL2,0,1,Fall,2013,WGL2,WGL,50,0.5,0,0,None,high,
2013OC,Z:\TransectTrailCamPics\FA13\SCT\S09-KTP1-FA13\Check\S09-KTP1-FA13 (21).JPG,S09-KTP1-FA13 (21).JPG,21,501,S09-KTP1-FA13,S09-KTP1,0,0,Fall,2013,KTP1,KTP,50,0.5,0,0,None,high,
2013OC,Z:\TransectTrailCamPics\FA13\SCT\S09-KTP1-FA13\Check\S09-KTP1-FA13 (26).JPG,S09-KTP1-FA13 (26).JPG,26,502,S09-KTP1-FA13,S09-KTP1,0,0,Fall,2013,KTP1,KTP,40,0.4,0,0,None,medium,
2013OC,Z:\TransectTrailCamPics\FA13\SCT\S09-KTP1-FA13\Pull\S09-KTP1-FA13 (52).JPG,S09-KTP1-FA13 (52).JPG,52,503,S09-KTP1-FA13,S09-KTP1,0,0,Fall,2013,KTP1,KTP,35,0.35,0,0,None,low,
2014JA,Z:\TransectTrailCamPics\WI14\SCT\S09-KTP1\S09-KTP1-WI14 (5).JPG,S09-KTP1-WI14 (5).JPG,5,504,S09-KTP1-WI14,S09-KTP1,0,0,Winter,2014,KTP1,KTP,50,0.5,0,0,None,medium,
2014JA,Z:\TransectTrailCamPics\WI14\SCT\S09-KTP1\S09-KTP1-WI14 (10).JPG,S09-KTP1-WI14 (10).JPG,10,505,S09-KTP1-WI14,S09-KTP1,0,0,Winter,2014,KTP1,KTP,15,0.15,0,0,None,medium,
2014JA,Z:\TransectTrailCamPics\WI14\SCT\S09-KTP1\S09-KTP1-WI14 (21).JPG,S09-KTP1-WI14 (21).JPG,21,506,S09-KTP1-WI14,S09-KTP1,0,0,Winter,2014,KTP1,KTP,40,0.4,0,0,None,high,
2014JA,Z:\TransectTrailCamPics\WI14\SCT\S09-SMC1\Check\S09-SMC1-WI14 (39).JPG,S09-SMC1-WI14 (39).JPG,39,507,S09-SMC1-WI14,S09-SMC1,0,0,Winter,2014,SMC1,SMC,35,0.35,0,0,None,medium,
2013OC,Z:\TransectTrailCamPics\FA13\SCT\S10-ILC1-FA13\Pull\S10-ILC1-FA13 (214).JPG,S10-ILC1-FA13 (214).JPG,214,508,S10-ILC1-FA13,S10-ILC1,0,0,Fall,2013,ILC1,ILC,50,0.5,0,0,None,medium,
2013OC,Z:\TransectTrailCamPics\FA13\SCT\S10-ILC1-FA13\Pull\S10-ILC1-FA13 (215).JPG,S10-ILC1-FA13 (215).JPG,215,509,S10-ILC1-FA13,S10-ILC1,0,0,Fall,2013,ILC1,ILC,50,0.5,0,0,None,medium,
2014JA,Z:\TransectTrailCamPics\WI14\SCT\S10-ILC1\Check\S10-ILC1-WI14 (18).JPG,S10-ILC1-WI14 (18).JPG,18,510,S10-ILC1-WI14,S10-ILC1,0,0,Winter,2014,ILC1,ILC,10,0.1,0,0,None,low,
2013OC,Z:\TransectTrailCamPics\FA13\SCT\S10-LPC1-FA13\Check\S10-LPC1-FA13 (32).JPG,S10-LPC1-FA13 (32).JPG,32,511,S10-LPC1-FA13,S10-LPC1,0,0,Fall,2013,LPC1,LPC,50,0.5,0,0,None,high,
2013OC,Z:\TransectTrailCamPics\FA13\SCT\S10-LPC1-FA13\Check\S10-LPC1-FA13 (33).JPG,S10-LPC1-FA13 (33).JPG,33,512,S10-LPC1-FA13,S10-LPC1,0,0,Fall,2013,LPC1,LPC,45,0.45,0,0,None,high,
2013OC,Z:\TransectTrailCamPics\FA13\SCT\S10-LPC1-FA13\Check\S10-LPC1-FA13 (34).JPG,S10-LPC1-FA13 (34).JPG,34,513,S10-LPC1-FA13,S10-LPC1,0,0,Fall,2013,LPC1,LPC,35,0.35,0,0,None,high,
2013OC,Z:\TransectTrailCamPics\FA13\SCT\S10-LPC1-FA13\Check\S10-LPC1-FA13 (35).JPG,S10-LPC1-FA13 (35).JPG,35,514,S10-LPC1-FA13,S10-LPC1,0,0,Fall,2013,LPC1,LPC,45,0.45,0,0,None,high,
2013OC,Z:\TransectTrailCamPics\FA13\SCT\S10-LPC1-FA13\Check\S10-LPC1-FA13 (72).JPG,S10-LPC1-FA13 (72).JPG,72,515,S10-LPC1-FA13,S10-LPC1,0,0,Fall,2013,LPC1,LPC,50,0.5,0,0,None,high,
2013OC,Z:\TransectTrailCamPics\FA13\SCT\S10-LPC1-FA13\Check\S10-LPC1-FA13 (73).JPG,S10-LPC1-FA13 (73).JPG,73,516,S10-LPC1-FA13,S10-LPC1,0,0,Fall,2013,LPC1,LPC,50,0.5,0,0,None,high,
2013OC,Z:\TransectTrailCamPics\FA13\SCT\S10-LPC1-FA13\Check\S10-LPC1-FA13 (74).JPG,S10-LPC1-FA13 (74).JPG,74,517,S10-LPC1-FA13,S10-LPC1,0,0,Fall,2013,LPC1,LPC,50,0.5,0,0,None,high,
2013OC,Z:\TransectTrailCamPics\FA13\SCT\S10-LPP2-FA13\Check\S10-LPP2-FA13 (15).JPG,S10-LPP2-FA13 (15).JPG,15,518,S10-LPP2-FA13,S10-LPP2,0,0,Fall,2013,LPP2,LPP,25,0.25,0,0,None,medium,
2013OC,Z:\TransectTrailCamPics\FA13\SCT\S10-LPP2-FA13\Check\S10-LPP2-FA13 (16).JPG,S10-LPP2-FA13 (16).JPG,16,519,S10-LPP2-FA13,S10-LPP2,0,0,Fall,2013,LPP2,LPP,10,0.1,0,0,None,low,
2013OC,Z:\TransectTrailCamPics\FA13\SCT\S10-LPP2-FA13\Check\S10-LPP2-FA13 (17).JPG,S10-LPP2-FA13 (17).JPG,17,520,S10-LPP2-FA13,S10-LPP2,0,0,Fall,2013,LPP2,LPP,50,0.5,0,0,None,high,
2013OC,Z:\TransectTrailCamPics\FA13\SCT\S10-LPP2-FA13\Check\S10-LPP2-FA13 (18).JPG,S10-LPP2-FA13 (18).JPG,18,521,S10-LPP2-FA13,S10-LPP2,0,0,Fall,2013,LPP2,LPP,50,0.5,0,0,None,high,
2013OC,Z:\TransectTrailCamPics\FA13\SCT\S10-LPP2-FA13\Check\S10-LPP2-FA13 (28).JPG,S10-LPP2-FA13 (28).JPG,28,522,S10-LPP2-FA13,S10-LPP2,0,0,Fall,2013,LPP2,LPP,20,0.2,0,0,None,medium,
2013OC,Z:\TransectTrailCamPics\FA13\SCT\S10-LPP2-FA13\Check\S10-LPP2-FA13 (29).JPG,S10-LPP2-FA13 (29).JPG,29,523,S10-LPP2-FA13,S10-LPP2,0,0,Fall,2013,LPP2,LPP,35,0.35,0,0,None,medium,
2013OC,Z:\TransectTrailCamPics\FA13\SCT\S10-LPP2-FA13\Check\S10-LPP2-FA13 (57).JPG,S10-LPP2-FA13 (57).JPG,57,524,S10-LPP2-FA13,S10-LPP2,0,0,Fall,2013,LPP2,LPP,35,0.35,0,0,None,medium,
2013OC,Z:\TransectTrailCamPics\FA13\SCT\S10-LPP2-FA13\Check\S10-LPP2-FA13 (58).JPG,S10-LPP2-FA13 (58).JPG,58,525,S10-LPP2-FA13,S10-LPP2,0,0,Fall,2013,LPP2,LPP,35,0.35,0,0,None,medium,
2013OC,Z:\TransectTrailCamPics\FA13\SCT\S10-LPP2-FA13\Pull\S10-LPP2-FA13 (73).JPG,S10-LPP2-FA13 (73).JPG,73,526,S10-LPP2-FA13,S10-LPP2,0,0,Fall,2013,LPP2,LPP,50,0.5,0,0,None,medium,
2013OC,Z:\TransectTrailCamPics\FA13\SCT\S10-LPP2-FA13\Pull\S10-LPP2-FA13 (75).JPG,S10-LPP2-FA13 (75).JPG,75,527,S10-LPP2-FA13,S10-LPP2,0,0,Fall,2013,LPP2,LPP,35,0.35,0,0,None,medium,
2013OC,Z:\TransectTrailCamPics\FA13\SCT\S10-LPP2-FA13\Pull\S10-LPP2-FA13 (76).JPG,S10-LPP2-FA13 (76).JPG,76,528,S10-LPP2-FA13,S10-LPP2,0,0,Fall,2013,LPP2,LPP,35,0.35,0,0,None,medium,
2013OC,Z:\TransectTrailCamPics\FA13\SCT\S10-LPP2-FA13\Pull\S10-LPP2-FA13 (98).JPG,S10-LPP2-FA13 (98).JPG,98,529,S10-LPP2-FA13,S10-LPP2,0,0,Fall,2013,LPP2,LPP,35,0.35,0,0,None,medium,
2014JA,Z:\TransectTrailCamPics\WI14\SCT\S10-LPP2\Check\S10-LPP2-WI14 (25).JPG,S10-LPP2-WI14 (25).JPG,25,530,S10-LPP2-WI14,S10-LPP2,0,0,Winter,2014,LPP2,LPP,45,0.45,0,0,None,medium,
2014JA,Z:\TransectTrailCamPics\WI14\SCT\S10-LPP2\Check\S10-LPP2-WI14 (26).JPG,S10-LPP2-WI14 (26).JPG,26,531,S10-LPP2-WI14,S10-LPP2,0,0,Winter,2014,LPP2,LPP,5,0.05,0,0,None,,
2014JA,Z:\TransectTrailCamPics\WI14\SCT\S10-LPP2\Check\S10-LPP2-WI14 (28).JPG,S10-LPP2-WI14 (28).JPG,28,532,S10-LPP2-WI14,S10-LPP2,0,0,Winter,2014,LPP2,LPP,50,0.5,0,0,None,medium,
2014JA,Z:\TransectTrailCamPics\WI14\SCT\S10-LPP2\Check\S10-LPP2-WI14 (32).JPG,S10-LPP2-WI14 (32).JPG,32,533,S10-LPP2-WI14,S10-LPP2,0,0,Winter,2014,LPP2,LPP,50,0.5,0,0,None,medium,
2014JA,Z:\TransectTrailCamPics\WI14\SCT\S10-LPP2\Check\S10-LPP2-WI14 (33).JPG,S10-LPP2-WI14 (33).JPG,33,534,S10-LPP2-WI14,S10-LPP2,0,0,Winter,2014,LPP2,LPP,50,0.5,0,0,None,medium,
2014JA,Z:\TransectTrailCamPics\WI14\SCT\S10-LPP2\Check\S10-LPP2-WI14 (34).JPG,S10-LPP2-WI14 (34).JPG,34,535,S10-LPP2-WI14,S10-LPP2,0,0,Winter,2014,LPP2,LPP,20,0.2,0,0,None,medium,
2014JA,Z:\TransectTrailCamPics\WI14\SCT\S10-LPP2\Check\S10-LPP2-WI14 (35).JPG,S10-LPP2-WI14 (35).JPG,35,536,S10-LPP2-WI14,S10-LPP2,0,0,Winter,2014,LPP2,LPP,45,0.45,0,0,None,medium,
2014JA,Z:\TransectTrailCamPics\WI14\SCT\S10-LPP2\Check\S10-LPP2-WI14 (39).JPG,S10-LPP2-WI14 (39).JPG,39,537,S10-LPP2-WI14,S10-LPP2,0,1,Winter,2014,LPP2,LPP,50,0.5,0,0,None,medium,
