Year,Fullpath,LocationName
2013OC,Z:\TransectTrailCamPics\FA13\RST\R09-CTG3-FA13\Check\R09-CTG3-FA13 (28).JPG,R09-CTG3
2013OC,Z:\TransectTrailCamPics\FA13\SCT\S03-LCP1-FA13\Check\S03-LCP1-FA13 (26).JPG,S03-LCP1
2013OC,Z:\TransectTrailCamPics\FA13\SCT\S03-LCP1-FA13\Check\S03-LCP1-FA13 (27).JPG,S03-LCP1
2013OC,Z:\TransectTrailCamPics\FA13\SCT\S03-LCP1-FA13\Check\S03-LCP1-FA13 (29).JPG,S03-LCP1
2013OC,Z:\TransectTrailCamPics\FA13\SCT\S03-LCP1-FA13\Check\S03-LCP1-FA13 (40).JPG,S03-LCP1
2013OC,Z:\TransectTrailCamPics\FA13\RST\R06-OTB1-FA13\Check\R06-OTB1-FA13 (107).JPG,R06-OTB1
2013OC,Z:\TransectTrailCamPics\FA13\RST\R06-OTB1-FA13\Check\R06-OTB1-FA13 (108).JPG,R06-OTB1
2014JA,Z:\TransectTrailCamPics\WI14\RST\R08-PAP1\Check\R08-PAP1-WI14 (7).JPG,R08-PAP1
2014JA,Z:\TransectTrailCamPics\WI14\RST\R08-PAP1\Check\R08-PAP1-WI14 (8).JPG,R08-PAP1
2014JA,Z:\TransectTrailCamPics\WI14\RST\R08-PAP1\Pull\R08-PAP1-WI14 (31).JPG,R08-PAP1
2014JA,Z:\TransectTrailCamPics\WI14\RST\R08-PAP1\Pull\R08-PAP1-WI14 (32).JPG,R08-PAP1
2014JA,Z:\TransectTrailCamPics\WI14\RST\R08-PAP1\Pull\R08-PAP1-WI14 (33).JPG,R08-PAP1
2014JA,Z:\TransectTrailCamPics\WI14\RST\R08-PAP1\Pull\R08-PAP1-WI14 (35).JPG,R08-PAP1
2014JA,Z:\TransectTrailCamPics\WI14\RST\R08-PAP1\Pull\R08-PAP1-WI14 (37).JPG,R08-PAP1
2014JA,Z:\TransectTrailCamPics\WI14\RST\R08-PAP1\Pull\R08-PAP1-WI14 (39).JPG,R08-PAP1
2014JA,Z:\TransectTrailCamPics\WI14\RST\R08-PAP1\Pull\R08-PAP1-WI14 (46).JPG,R08-PAP1
2014JA,Z:\TransectTrailCamPics\WI14\RST\R08-PAP1\Pull\R08-PAP1-WI14 (47).JPG,R08-PAP1
2014JA,Z:\TransectTrailCamPics\WI14\RST\R08-PAP1\Pull\R08-PAP1-WI14 (48).JPG,R08-PAP1
2014JA,Z:\TransectTrailCamPics\WI14\SCT\S09-KTP1\S09-KTP1-WI14 (10).JPG,S09-KTP1
2014JA,Z:\TransectTrailCamPics\WI14\SCT\S09-KTP1\S09-KTP1-WI14 (21).JPG,S09-KTP1
2014JA,Z:\TransectTrailCamPics\WI14\SCT\S09-KTP1\S09-KTP1-WI14 (5).JPG,S09-KTP1
2013OC,Z:\TransectTrailCamPics\FA13\RST\R04-MMW2-FA13\Check\R04-MMW2-FA13 (19).JPG,R04-MMW2
2013OC,Z:\TransectTrailCamPics\FA13\DPT\D02-HUP1-FA13\Check\D02-HUP1-FA13 (23).JPG,D02-HUP1
2013OC,Z:\TransectTrailCamPics\FA13\DPT\D02-HUP1-FA13\Check\D02-HUP1-FA13 (263).JPG,D02-HUP1
2013OC,Z:\TransectTrailCamPics\FA13\DPT\D02-HUP1-FA13\Check\D02-HUP1-FA13 (47).JPG,D02-HUP1
2013OC,Z:\TransectTrailCamPics\FA13\DPT\D02-HUP1-FA13\Check\D02-HUP1-FA13 (52).JPG,D02-HUP1
2013OC,Z:\TransectTrailCamPics\FA13\DPT\D02-HUP1-FA13\Pull\D02-HUP1-FA13 (599).JPG,D02-HUP1
2013OC,Z:\TransectTrailCamPics\FA13\DPT\D02-MDU1-FA13\Check\D02-MDU1-FA13 (73).JPG,D02-MDU1
2013OC,Z:\TransectTrailCamPics\FA13\DPT\D02-MDU1-FA13\Pull\D02-MDU1-FA13 (141).JPG,D02-MDU1
2013OC,Z:\TransectTrailCamPics\FA13\DPT\D02-MDU1-FA13\Pull\D02-MDU1-FA13 (142).JPG,D02-MDU1
2013OC,Z:\TransectTrailCamPics\FA13\DPT\D02-MDU1-FA13\Pull\D02-MDU1-FA13 (143).JPG,D02-MDU1
2013OC,Z:\TransectTrailCamPics\FA13\DPT\D02-MDU1-FA13\Pull\D02-MDU1-FA13 (164).JPG,D02-MDU1
2013OC,Z:\TransectTrailCamPics\FA13\DPT\D04-DNP1-FA13\Check\D04-DNP1-FA13 (240).JPG,D04-DNP1
2013OC,Z:\TransectTrailCamPics\FA13\DPT\D04-DNP1-FA13\Check\D04-DNP1-FA13 (71).JPG,D04-DNP1
2013OC,Z:\TransectTrailCamPics\FA13\DPT\D04-EVC1-FA13\Check\D04-EVC1-FA13 (38).JPG,D04-EVC1
2013OC,Z:\TransectTrailCamPics\FA13\DPT\D04-EVC1-FA13\Pull\D04-EVC1-FA13 (233).JPG,D04-EVC1
2013OC,Z:\TransectTrailCamPics\FA13\DPT\D04-EVC1-FA13\Pull\D04-EVC1-FA13 (234).JPG,D04-EVC1
2013OC,Z:\TransectTrailCamPics\FA13\DPT\D07-ASC2-FA13\Check\D07-ASC2-FA13 (81).JPG,D07-ASC2
2013OC,Z:\TransectTrailCamPics\FA13\DPT\D07-ASC2-FA13\Check\D07-ASC2-FA13 (82).JPG,D07-ASC2
2013OC,Z:\TransectTrailCamPics\FA13\DPT\D08-DAW3-FA13\Pull\D08-DAW3-FA13 (104).JPG,D08-DAW3
2013OC,Z:\TransectTrailCamPics\FA13\DPT\D08-DAW3-FA13\Pull\D08-DAW3-FA13 (105).JPG,D08-DAW3
2013OC,Z:\TransectTrailCamPics\FA13\DPT\D08-DAW3-FA13\Pull\D08-DAW3-FA13 (75).JPG,D08-DAW3
2013OC,Z:\TransectTrailCamPics\FA13\DPT\D08-DAW3-FA13\Pull\D08-DAW3-FA13 (94).JPG,D08-DAW3
2013OC,Z:\TransectTrailCamPics\FA13\DPT\D08-DAW3-FA13\Pull\D08-DAW3-FA13 (96).JPG,D08-DAW3
2013OC,Z:\TransectTrailCamPics\FA13\DPT\D09-CLG1-FA13\Pull\D09-CLG1-FA13 (150).JPG,D09-CLG1
2013OC,Z:\TransectTrailCamPics\FA13\DPT\D09-CLG1-FA13\Pull\D09-CLG1-FA13 (167).JPG,D09-CLG1
2013OC,Z:\TransectTrailCamPics\FA13\DPT\D09-CLG1-FA13\Pull\D09-CLG1-FA13 (168).JPG,D09-CLG1
2013OC,Z:\TransectTrailCamPics\FA13\DPT\D09-CLG1-FA13\Check\D09-CLG1-FA13 (61).JPG,D09-CLG1
2013OC,Z:\TransectTrailCamPics\FA13\DPT\D09-CLG1-FA13\Check\D09-CLG1-FA13 (82).JPG,D09-CLG1
2013OC,Z:\TransectTrailCamPics\FA13\DPT\D10-CAN1-FA13\Pull\D10-CAN1-FA13 (64).JPG,D10-CAN1
2013OC,Z:\TransectTrailCamPics\FA13\DPT\D10-CAN1-FA13\Pull\D10-CAN1-FA13 (65).JPG,D10-CAN1
2013OC,Z:\TransectTrailCamPics\FA13\DPT\D10-CAN1-FA13\Pull\D10-CAN1-FA13 (67).JPG,D10-CAN1
2013OC,Z:\TransectTrailCamPics\FA13\DPT\D10-CAN1-FA13\Pull\D10-CAN1-FA13 (73).JPG,D10-CAN1
2013OC,Z:\TransectTrailCamPics\FA13\DPT\D10-CAN1-FA13\Pull\D10-CAN1-FA13 (97).JPG,D10-CAN1
2013OC,Z:\TransectTrailCamPics\FA13\DPT\D10-CAN1-FA13\Pull\D10-CAN1-FA13 (98).JPG,D10-CAN1
2013OC,Z:\TransectTrailCamPics\FA13\DPT\D10-VHC1-FA13\Check\D10-VHC1-FA13 (53).JPG,D10-VHC1
2013OC,Z:\TransectTrailCamPics\FA13\JNT\J01-BBS1-FA13\Check\J01-BBS1-FA13 (15).JPG,J01-BBS1
2013OC,Z:\TransectTrailCamPics\FA13\JNT\J01-BBS1-FA13\Check\J01-BBS1-FA13 (16).JPG,J01-BBS1
2013OC,Z:\TransectTrailCamPics\FA13\JNT\J01-BBS1-FA13\Check\J01-BBS1-FA13 (45).JPG,J01-BBS1
2013OC,Z:\TransectTrailCamPics\FA13\RST\R03-AUP1-FA13\Check\R03-AUP1-FA13 (65).JPG,R03-AUP1
2013OC,Z:\TransectTrailCamPics\FA13\RST\R03-AUP1-FA13\Check\R03-AUP1-FA13 (83).JPG,R03-AUP1
2013OC,Z:\TransectTrailCamPics\FA13\RST\R03-AUP1-FA13\Check\R03-AUP1-FA13 (85).JPG,R03-AUP1
2013OC,Z:\TransectTrailCamPics\FA13\RST\R03-CPG1-FA13\Check\R03-CPG1-FA13 (18).JPG,R03-CPG1
2013OC,Z:\TransectTrailCamPics\FA13\RST\R03-CPG1-FA13\Check\R03-CPG1-FA13 (19).JPG,R03-CPG1
2013OC,Z:\TransectTrailCamPics\FA13\RST\R03-CPG1-FA13\Check\R03-CPG1-FA13 (20).JPG,R03-CPG1
2013OC,Z:\TransectTrailCamPics\FA13\RST\R03-CPG1-FA13\Check\R03-CPG1-FA13 (200).JPG,R03-CPG1
2013OC,Z:\TransectTrailCamPics\FA13\RST\R03-CPG1-FA13\Check\R03-CPG1-FA13 (21).JPG,R03-CPG1
2013OC,Z:\TransectTrailCamPics\FA13\RST\R03-CPG1-FA13\Check\R03-CPG1-FA13 (22).JPG,R03-CPG1
2013OC,Z:\TransectTrailCamPics\FA13\RST\R03-CPG1-FA13\Check\R03-CPG1-FA13 (23).JPG,R03-CPG1
2013OC,Z:\TransectTrailCamPics\FA13\RST\R03-CPG1-FA13\Check\R03-CPG1-FA13 (26).JPG,R03-CPG1
2013OC,Z:\TransectTrailCamPics\FA13\RST\R03-CPG1-FA13\Check\R03-CPG1-FA13 (436).JPG,R03-CPG1
2013OC,Z:\TransectTrailCamPics\FA13\RST\R03-CPG1-FA13\Check\R03-CPG1-FA13 (437).JPG,R03-CPG1
2013OC,Z:\TransectTrailCamPics\FA13\RST\R03-CPG1-FA13\Check\R03-CPG1-FA13 (561).JPG,R03-CPG1
2013OC,Z:\TransectTrailCamPics\FA13\RST\R03-CPG1-FA13\Check\R03-CPG1-FA13 (597).JPG,R03-CPG1
2013OC,Z:\TransectTrailCamPics\FA13\RST\R03-CPG1-FA13\Check\R03-CPG1-FA13 (598).JPG,R03-CPG1
2013OC,Z:\TransectTrailCamPics\FA13\RST\R03-CPG1-FA13\Check\R03-CPG1-FA13 (599).JPG,R03-CPG1
2013OC,Z:\TransectTrailCamPics\FA13\RST\R03-CPG1-FA13\Check\R03-CPG1-FA13 (813).JPG,R03-CPG1
2013OC,Z:\TransectTrailCamPics\FA13\RST\R03-CPG1-FA13\Check\R03-CPG1-FA13 (814).JPG,R03-CPG1
2013OC,Z:\TransectTrailCamPics\FA13\RST\R03-CPG1-FA13\Check\R03-CPG1-FA13 (873).JPG,R03-CPG1
2013OC,Z:\TransectTrailCamPics\FA13\RST\R03-CPG1-FA13\Pull\R03-CPG1-FA13 (1190).JPG,R03-CPG1
2013OC,Z:\TransectTrailCamPics\FA13\RST\R03-CPG1-FA13\Pull\R03-CPG1-FA13 (1191).JPG,R03-CPG1
2013OC,Z:\TransectTrailCamPics\FA13\RST\R03-CPG1-FA13\Pull\R03-CPG1-FA13 (901).JPG,R03-CPG1
2013OC,Z:\TransectTrailCamPics\FA13\RST\R03-CPG1-FA13\Pull\R03-CPG1-FA13 (902).JPG,R03-CPG1
2013OC,Z:\TransectTrailCamPics\FA13\RST\R03-CPG1-FA13\Pull\R03-CPG1-FA13 (903).JPG,R03-CPG1
2013OC,Z:\TransectTrailCamPics\FA13\RST\R03-CPG1-FA13\Pull\R03-CPG1-FA13 (904).JPG,R03-CPG1
2013OC,Z:\TransectTrailCamPics\FA13\RST\R03-CPG1-FA13\Pull\R03-CPG1-FA13 (906).JPG,R03-CPG1
2013OC,Z:\TransectTrailCamPics\FA13\RST\R03-CPG1-FA13\Pull\R03-CPG1-FA13 (907).JPG,R03-CPG1
2013OC,Z:\TransectTrailCamPics\FA13\RST\R03-CPG1-FA13\Pull\R03-CPG1-FA13 (908).JPG,R03-CPG1
2013OC,Z:\TransectTrailCamPics\FA13\RST\R03-CPG1-FA13\Pull\R03-CPG1-FA13 (909).JPG,R03-CPG1
2013OC,Z:\TransectTrailCamPics\FA13\RST\R03-CPG1-FA13\Pull\R03-CPG1-FA13 (910).JPG,R03-CPG1
2013OC,Z:\TransectTrailCamPics\FA13\RST\R03-CPG1-FA13\Pull\R03-CPG1-FA13 (911).JPG,R03-CPG1
2013OC,Z:\TransectTrailCamPics\FA13\RST\R03-CPG1-FA13\Pull\R03-CPG1-FA13 (912).JPG,R03-CPG1
2013OC,Z:\TransectTrailCamPics\FA13\RST\R03-CPG1-FA13\Pull\R03-CPG1-FA13 (915).JPG,R03-CPG1
2013OC,Z:\TransectTrailCamPics\FA13\RST\R03-CPG1-FA13\Pull\R03-CPG1-FA13 (930).JPG,R03-CPG1
2013OC,Z:\TransectTrailCamPics\FA13\RST\R03-CPG1-FA13\Pull\R03-CPG1-FA13 (931).JPG,R03-CPG1
2013OC,Z:\TransectTrailCamPics\FA13\RST\R03-CPG1-FA13\Pull\R03-CPG1-FA13 (932).JPG,R03-CPG1
2013OC,Z:\TransectTrailCamPics\FA13\RST\R05-FMG1-FA13\Check\R05-FMG1-FA13 (14).JPG,R05-FMG1
2013OC,Z:\TransectTrailCamPics\FA13\RST\R05-FMG1-FA13\Check\R05-FMG1-FA13 (15).JPG,R05-FMG1
2013OC,Z:\TransectTrailCamPics\FA13\RST\R05-MTC1-FA13\Pull\R05-MTC1-FA13 (35).JPG,R05-MTC1
2013OC,Z:\TransectTrailCamPics\FA13\RST\R05-MTC1-FA13\Pull\R05-MTC1-FA13 (36).JPG,R05-MTC1
2013OC,Z:\TransectTrailCamPics\FA13\RST\R05-MTC1-FA13\Check\R05-MTC1-FA13 (14).JPG,R05-MTC1
2013OC,Z:\TransectTrailCamPics\FA13\RST\R05-MTC1-FA13\Check\R05-MTC1-FA13 (15).JPG,R05-MTC1
2013OC,Z:\TransectTrailCamPics\FA13\RST\R05-MTC1-FA13\Check\R05-MTC1-FA13 (16).JPG,R05-MTC1
2013OC,Z:\TransectTrailCamPics\FA13\RST\R05-MTC1-FA13\Check\R05-MTC1-FA13 (19).JPG,R05-MTC1
2013OC,Z:\TransectTrailCamPics\FA13\RST\R05-MTC1-FA13\Check\R05-MTC1-FA13 (20).JPG,R05-MTC1
2013OC,Z:\TransectTrailCamPics\FA13\RST\R05-MTC1-FA13\Pull\R05-MTC1-FA13 (37).JPG,R05-MTC1
2013OC,Z:\TransectTrailCamPics\FA13\RST\R05-MTC1-FA13\Pull\R05-MTC1-FA13 (38).JPG,R05-MTC1
2013OC,Z:\TransectTrailCamPics\FA13\RST\R05-MTC1-FA13\Pull\R05-MTC1-FA13 (40).JPG,R05-MTC1
2013OC,Z:\TransectTrailCamPics\FA13\RST\R05-MTC1-FA13\Pull\R05-MTC1-FA13 (42).JPG,R05-MTC1
2013OC,Z:\TransectTrailCamPics\FA13\RST\R05-MTC1-FA13\Pull\R05-MTC1-FA13 (43).JPG,R05-MTC1
2013OC,Z:\TransectTrailCamPics\FA13\RST\R05-MTC1-FA13\Pull\R05-MTC1-FA13 (44).JPG,R05-MTC1
2013OC,Z:\TransectTrailCamPics\FA13\RST\R05-MTC1-FA13\Pull\R05-MTC1-FA13 (45).JPG,R05-MTC1
2013OC,Z:\TransectTrailCamPics\FA13\RST\R06-OTB1-FA13\Check\R06-OTB1-FA13 (22).JPG,R06-OTB1
2013OC,Z:\TransectTrailCamPics\FA13\RST\R06-OTB1-FA13\Check\R06-OTB1-FA13 (23).JPG,R06-OTB1
2013OC,Z:\TransectTrailCamPics\FA13\RST\R06-OTB1-FA13\Check\R06-OTB1-FA13 (24).JPG,R06-OTB1
2013OC,Z:\TransectTrailCamPics\FA13\RST\R06-OTB1-FA13\Check\R06-OTB1-FA13 (25).JPG,R06-OTB1
2013OC,Z:\TransectTrailCamPics\FA13\RST\R06-OTB1-FA13\Check\R06-OTB1-FA13 (27).JPG,R06-OTB1
2013OC,Z:\TransectTrailCamPics\FA13\RST\R06-OTB1-FA13\Check\R06-OTB1-FA13 (29).JPG,R06-OTB1
2013OC,Z:\TransectTrailCamPics\FA13\RST\R06-OTB1-FA13\Check\R06-OTB1-FA13 (30).JPG,R06-OTB1
2013OC,Z:\TransectTrailCamPics\FA13\RST\R06-OTB1-FA13\Check\R06-OTB1-FA13 (43).JPG,R06-OTB1
2013OC,Z:\TransectTrailCamPics\FA13\RST\R06-OTB1-FA13\Check\R06-OTB1-FA13 (44).JPG,R06-OTB1
2013OC,Z:\TransectTrailCamPics\FA13\RST\R06-OTB1-FA13\Check\R06-OTB1-FA13 (96).JPG,R06-OTB1
2013OC,Z:\TransectTrailCamPics\FA13\RST\R06-OTB1-FA13\Pull\R06-OTB1-FA13 (233).JPG,R06-OTB1
2013OC,Z:\TransectTrailCamPics\FA13\RST\R06-OTB1-FA13\Pull\R06-OTB1-FA13 (262).JPG,R06-OTB1
2013OC,Z:\TransectTrailCamPics\FA13\RST\R06-OTB1-FA13\Pull\R06-OTB1-FA13 (293).JPG,R06-OTB1
2013OC,Z:\TransectTrailCamPics\FA13\RST\R06-SLT2-FA13\Check\R06-SLT2-FA13 (112).JPG,R06-SLT2
2013OC,Z:\TransectTrailCamPics\FA13\RST\R07-GOF1-FA13\Check\R07-GOF1-FA13 (23).JPG,R07-GOF1
2013OC,Z:\TransectTrailCamPics\FA13\RST\R07-FSP1-FA13\Pull\R07-FSP1-FA13 (66).JPG,R07-FSP1
2013OC,Z:\TransectTrailCamPics\FA13\RST\R07-FSP1-FA13\Pull\R07-FSP1-FA13 (67).JPG,R07-FSP1
2013OC,Z:\TransectTrailCamPics\FA13\RST\R07-FSP1-FA13\Pull\R07-FSP1-FA13 (68).JPG,R07-FSP1
2013OC,Z:\TransectTrailCamPics\FA13\RST\R07-FSP1-FA13\Pull\R07-FSP1-FA13 (69).JPG,R07-FSP1
2013OC,Z:\TransectTrailCamPics\FA13\RST\R07-FSP1-FA13\Pull\R07-FSP1-FA13 (70).JPG,R07-FSP1
2013OC,Z:\TransectTrailCamPics\FA13\RST\R07-GOF1-FA13\Pull\R07-GOF1-FA13 (134).JPG,R07-GOF1
2013OC,Z:\TransectTrailCamPics\FA13\RST\R07-MMP1-FA13\Pull\R07-MMP1-FA13 (93).JPG,R07-MMP1
2013OC,Z:\TransectTrailCamPics\FA13\RST\R07-MMP1-FA13\Pull\R07-MMP1-FA13 (94).JPG,R07-MMP1
2013OC,Z:\TransectTrailCamPics\FA13\RST\R07-MMP1-FA13\Pull\R07-MMP1-FA13 (95).JPG,R07-MMP1
2013OC,Z:\TransectTrailCamPics\FA13\RST\R07-YHR1-FA13\Pull\R07-YHR1-FA13 (187).JPG,R07-YHR1
2013OC,Z:\TransectTrailCamPics\FA13\RST\R08-DAP1-FA13\Check\R08-DAP1-FA13 (28).JPG,R08-DAP1
2013OC,Z:\TransectTrailCamPics\FA13\RST\R07-YHR1-FA13\Check\R07-YHR1-FA13 (132).JPG,R07-YHR1
2013OC,Z:\TransectTrailCamPics\FA13\RST\R07-YHR1-FA13\Check\R07-YHR1-FA13 (28).JPG,R07-YHR1
2013OC,Z:\TransectTrailCamPics\FA13\RST\R07-YHR1-FA13\Check\R07-YHR1-FA13 (29).JPG,R07-YHR1
2013OC,Z:\TransectTrailCamPics\FA13\RST\R07-YHR1-FA13\Check\R07-YHR1-FA13 (30).JPG,R07-YHR1
2013OC,Z:\TransectTrailCamPics\FA13\RST\R08-WBK1-FA13\Check\R08-WBK1-FA13 (112).JPG,R08-WBK1
2013OC,Z:\TransectTrailCamPics\FA13\RST\R08-WBK1-FA13\Check\R08-WBK1-FA13 (220).JPG,R08-WBK1
2013OC,Z:\TransectTrailCamPics\FA13\RST\R08-WBK1-FA13\Check\R08-WBK1-FA13 (24).JPG,R08-WBK1
2013OC,Z:\TransectTrailCamPics\FA13\RST\R08-WBK1-FA13\Check\R08-WBK1-FA13 (25).JPG,R08-WBK1
2013OC,Z:\TransectTrailCamPics\FA13\RST\R08-WBK1-FA13\Check\R08-WBK1-FA13 (79).JPG,R08-WBK1
2013OC,Z:\TransectTrailCamPics\FA13\RST\R08-WBK1-FA13\Pull\R08-WBK1-FA13 (476).JPG,R08-WBK1
2013OC,Z:\TransectTrailCamPics\FA13\RST\R08-WBK1-FA13\Pull\R08-WBK1-FA13 (564).JPG,R08-WBK1
2013OC,Z:\TransectTrailCamPics\FA13\RST\R08-WBK1-FA13\Pull\R08-WBK1-FA13 (597).JPG,R08-WBK1
2013OC,Z:\TransectTrailCamPics\FA13\RST\R08-WBK1-FA13\Pull\R08-WBK1-FA13 (598).JPG,R08-WBK1
2013OC,Z:\TransectTrailCamPics\FA13\RST\R08-WBK1-FA13\Pull\R08-WBK1-FA13 (888).JPG,R08-WBK1
2013OC,Z:\TransectTrailCamPics\FA13\RST\R09-BLW1-FA13\Check\R09-BLW1-FA13 (113).JPG,R09-BLW1
2013OC,Z:\TransectTrailCamPics\FA13\RST\R09-BLW1-FA13\Check\R09-BLW1-FA13 (16).JPG,R09-BLW1
2013OC,Z:\TransectTrailCamPics\FA13\RST\R09-BLW1-FA13\Check\R09-BLW1-FA13 (17).JPG,R09-BLW1
2013OC,Z:\TransectTrailCamPics\FA13\RST\R09-BLW1-FA13\Check\R09-BLW1-FA13 (18).JPG,R09-BLW1
2013OC,Z:\TransectTrailCamPics\FA13\RST\R09-BLW1-FA13\Check\R09-BLW1-FA13 (26).JPG,R09-BLW1
2013OC,Z:\TransectTrailCamPics\FA13\RST\R09-BLW1-FA13\Check\R09-BLW1-FA13 (27).JPG,R09-BLW1
2013OC,Z:\TransectTrailCamPics\FA13\RST\R09-BLW1-FA13\Check\R09-BLW1-FA13 (28).JPG,R09-BLW1
2013OC,Z:\TransectTrailCamPics\FA13\RST\R09-BLW1-FA13\Check\R09-BLW1-FA13 (35).JPG,R09-BLW1
2013OC,Z:\TransectTrailCamPics\FA13\RST\R09-BLW1-FA13\Check\R09-BLW1-FA13 (36).JPG,R09-BLW1
2013OC,Z:\TransectTrailCamPics\FA13\RST\R09-BLW1-FA13\Check\R09-BLW1-FA13 (37).JPG,R09-BLW1
2013OC,Z:\TransectTrailCamPics\FA13\RST\R09-BLW1-FA13\Check\R09-BLW1-FA13 (38).JPG,R09-BLW1
2013OC,Z:\TransectTrailCamPics\FA13\RST\R09-BLW1-FA13\Check\R09-BLW1-FA13 (39).JPG,R09-BLW1
2013OC,Z:\TransectTrailCamPics\FA13\RST\R09-BLW1-FA13\Check\R09-BLW1-FA13 (40).JPG,R09-BLW1
2013OC,Z:\TransectTrailCamPics\FA13\RST\R09-BLW1-FA13\Check\R09-BLW1-FA13 (41).JPG,R09-BLW1
2013OC,Z:\TransectTrailCamPics\FA13\RST\R09-BLW1-FA13\Check\R09-BLW1-FA13 (99).JPG,R09-BLW1
2013OC,Z:\TransectTrailCamPics\FA13\RST\R09-BLW1-FA13\Pull\R09-BLW1-FA13 (143).JPG,R09-BLW1
2013OC,Z:\TransectTrailCamPics\FA13\RST\R09-BLW1-FA13\Pull\R09-BLW1-FA13 (144).JPG,R09-BLW1
2013OC,Z:\TransectTrailCamPics\FA13\RST\R09-BLW1-FA13\Pull\R09-BLW1-FA13 (155).JPG,R09-BLW1
2013OC,Z:\TransectTrailCamPics\FA13\RST\R09-CTG3-FA13\Check\R09-CTG3-FA13 (10).JPG,R09-CTG3
2013OC,Z:\TransectTrailCamPics\FA13\RST\R09-CTG3-FA13\Check\R09-CTG3-FA13 (11).JPG,R09-CTG3
2013OC,Z:\TransectTrailCamPics\FA13\RST\R09-CTG3-FA13\Check\R09-CTG3-FA13 (14).JPG,R09-CTG3
2013OC,Z:\TransectTrailCamPics\FA13\RST\R09-CTG3-FA13\Check\R09-CTG3-FA13 (37).JPG,R09-CTG3
2013OC,Z:\TransectTrailCamPics\FA13\RST\R09-CTG3-FA13\Check\R09-CTG3-FA13 (44).JPG,R09-CTG3
2013OC,Z:\TransectTrailCamPics\FA13\RST\R09-CTG3-FA13\Check\R09-CTG3-FA13 (46).JPG,R09-CTG3
2013OC,Z:\TransectTrailCamPics\FA13\RST\R09-CTG3-FA13\Check\R09-CTG3-FA13 (7).JPG,R09-CTG3
2013OC,Z:\TransectTrailCamPics\FA13\RST\R09-CTG3-FA13\Check\R09-CTG3-FA13 (8).JPG,R09-CTG3
2013OC,Z:\TransectTrailCamPics\FA13\RST\R09-CTG3-FA13\Check\R09-CTG3-FA13 (9).JPG,R09-CTG3
2013OC,Z:\TransectTrailCamPics\FA13\RST\R09-CTG3-FA13\Pull\R09-CTG3-FA13 (53).JPG,R09-CTG3
2013OC,Z:\TransectTrailCamPics\FA13\RST\R09-CTG3-FA13\Pull\R09-CTG3-FA13 (54).JPG,R09-CTG3
2013OC,Z:\TransectTrailCamPics\FA13\RST\R09-CTG3-FA13\Pull\R09-CTG3-FA13 (55).JPG,R09-CTG3
2013OC,Z:\TransectTrailCamPics\FA13\RST\R09-CTG3-FA13\Pull\R09-CTG3-FA13 (74).JPG,R09-CTG3
2013OC,Z:\TransectTrailCamPics\FA13\RST\R09-CTG3-FA13\Pull\R09-CTG3-FA13 (99).JPG,R09-CTG3
2013OC,Z:\TransectTrailCamPics\FA13\RST\R09-LIM2-FA13\Pull\R09-LIM2-FA13 (222).JPG,R09-LIM2
2013OC,Z:\TransectTrailCamPics\FA13\RST\R10-FRM1-FA13\Check\R10-FRM1-FA13 (281).JPG,R10-FRM1
2013OC,Z:\TransectTrailCamPics\FA13\RST\R10-FRM1-FA13\Check\R10-FRM1-FA13 (289).JPG,R10-FRM1
2013OC,Z:\TransectTrailCamPics\FA13\RST\R10-FRM1-FA13\Pull\R10-FRM1-FA13 (327).JPG,R10-FRM1
2013OC,Z:\TransectTrailCamPics\FA13\RST\R10-FRM1-FA13\Check\R10-FRM1-FA13 (128).JPG,R10-FRM1
2013OC,Z:\TransectTrailCamPics\FA13\RST\R10-FRM1-FA13\Check\R10-FRM1-FA13 (129).JPG,R10-FRM1
2013OC,Z:\TransectTrailCamPics\FA13\RST\R10-FRM1-FA13\Check\R10-FRM1-FA13 (235).JPG,R10-FRM1
2013OC,Z:\TransectTrailCamPics\FA13\RST\R10-FRM1-FA13\Pull\R10-FRM1-FA13 (374).JPG,R10-FRM1
2013OC,Z:\TransectTrailCamPics\FA13\RST\R10-FRM1-FA13\Pull\R10-FRM1-FA13 (428).JPG,R10-FRM1
2013OC,Z:\TransectTrailCamPics\FA13\RST\R10-FRM1-FA13\Pull\R10-FRM1-FA13 (595).JPG,R10-FRM1
2013OC,Z:\TransectTrailCamPics\FA13\RST\R10-FRM1-FA13\Pull\R10-FRM1-FA13 (596).JPG,R10-FRM1
2013OC,Z:\TransectTrailCamPics\FA13\RST\R10-FRM1-FA13\Pull\R10-FRM1-FA13 (597).JPG,R10-FRM1
2013OC,Z:\TransectTrailCamPics\FA13\RST\R10-WCP3-FA13\Check\R10-WCP3-FA13 (22).JPG,R10-WCP3
2013OC,Z:\TransectTrailCamPics\FA13\RST\R10-WCP3-FA13\Check\R10-WCP3-FA13 (37).JPG,R10-WCP3
2013OC,Z:\TransectTrailCamPics\FA13\RST\R10-WDW1-FA13\Check\R10-WDW1-FA13 (46).JPG,R10-WDW1
2013OC,Z:\TransectTrailCamPics\FA13\RST\R10-WDW1-FA13\Check\R10-WDW1-FA13 (47).JPG,R10-WDW1
2013OC,Z:\TransectTrailCamPics\FA13\RST\R10-WDW1-FA13\Check\R10-WDW1-FA13 (60).JPG,R10-WDW1
2013OC,Z:\TransectTrailCamPics\FA13\RST\R10-WDW1-FA13\Pull\R10-WDW1-FA13 (100).JPG,R10-WDW1
2013OC,Z:\TransectTrailCamPics\FA13\RST\R10-WDW1-FA13\Pull\R10-WDW1-FA13 (102).JPG,R10-WDW1
2013OC,Z:\TransectTrailCamPics\FA13\RST\R10-WDW1-FA13\Pull\R10-WDW1-FA13 (103).JPG,R10-WDW1
2013OC,Z:\TransectTrailCamPics\FA13\RST\R10-WDW1-FA13\Pull\R10-WDW1-FA13 (106).JPG,R10-WDW1
2013OC,Z:\TransectTrailCamPics\FA13\RST\R10-WDW1-FA13\Pull\R10-WDW1-FA13 (107).JPG,R10-WDW1
2013OC,Z:\TransectTrailCamPics\FA13\RST\R10-WDW1-FA13\Pull\R10-WDW1-FA13 (114).JPG,R10-WDW1
2013OC,Z:\TransectTrailCamPics\FA13\RST\R10-WDW1-FA13\Pull\R10-WDW1-FA13 (115).JPG,R10-WDW1
2013OC,Z:\TransectTrailCamPics\FA13\RST\R10-WDW1-FA13\Pull\R10-WDW1-FA13 (116).JPG,R10-WDW1
2013OC,Z:\TransectTrailCamPics\FA13\SCT\S02-CPR1-FA13\Check\S02-CPR1-FA13 (20).JPG,S02-CPR1
2013OC,Z:\TransectTrailCamPics\FA13\RST\R10-WCP3-FA13\Pull\R10-WCP3-FA13 (55).JPG,R10-WCP3
2013OC,Z:\TransectTrailCamPics\FA13\RST\R10-WDW1-FA13\Check\R10-WDW1-FA13 (21).JPG,R10-WDW1
2013OC,Z:\TransectTrailCamPics\FA13\RST\R10-WDW1-FA13\Check\R10-WDW1-FA13 (22).JPG,R10-WDW1
2013OC,Z:\TransectTrailCamPics\FA13\RST\R10-WDW1-FA13\Pull\R10-WDW1-FA13 (124).JPG,R10-WDW1
2013OC,Z:\TransectTrailCamPics\FA13\RST\R10-WDW1-FA13\Pull\R10-WDW1-FA13 (128).JPG,R10-WDW1
2013OC,Z:\TransectTrailCamPics\FA13\RST\R10-WDW1-FA13\Pull\R10-WDW1-FA13 (97).JPG,R10-WDW1
2013OC,Z:\TransectTrailCamPics\FA13\RST\R10-WDW1-FA13\Pull\R10-WDW1-FA13 (98).JPG,R10-WDW1
2013OC,Z:\TransectTrailCamPics\FA13\RST\R10-WDW1-FA13\Pull\R10-WDW1-FA13 (99).JPG,R10-WDW1
2013OC,Z:\TransectTrailCamPics\FA13\SCT\S02-CPR1-FA13\Check\S02-CPR1-FA13 (21).JPG,S02-CPR1
2013OC,Z:\TransectTrailCamPics\FA13\SCT\S02-CPR1-FA13\Check\S02-CPR1-FA13 (22).JPG,S02-CPR1
2013OC,Z:\TransectTrailCamPics\FA13\SCT\S02-CPR1-FA13\Check\S02-CPR1-FA13 (23).JPG,S02-CPR1
2013OC,Z:\TransectTrailCamPics\FA13\SCT\S02-CPR1-FA13\Check\S02-CPR1-FA13 (24).JPG,S02-CPR1
2013OC,Z:\TransectTrailCamPics\FA13\SCT\S02-CPR1-FA13\Check\S02-CPR1-FA13 (25).JPG,S02-CPR1
2013OC,Z:\TransectTrailCamPics\FA13\SCT\S02-CPR1-FA13\Check\S02-CPR1-FA13 (26).JPG,S02-CPR1
2013OC,Z:\TransectTrailCamPics\FA13\SCT\S02-CPR1-FA13\Check\S02-CPR1-FA13 (27).JPG,S02-CPR1
2013OC,Z:\TransectTrailCamPics\FA13\SCT\S02-CPR1-FA13\Check\S02-CPR1-FA13 (28).JPG,S02-CPR1
2013OC,Z:\TransectTrailCamPics\FA13\SCT\S02-CPR1-FA13\Pull\S02-CPR1-FA13 (315).JPG,S02-CPR1
2013OC,Z:\TransectTrailCamPics\FA13\SCT\S02-CPR1-FA13\Pull\S02-CPR1-FA13 (316).JPG,S02-CPR1
2013OC,Z:\TransectTrailCamPics\FA13\SCT\S02-MCP1-FA13\Pull\S02-MCP1-FA13 (288).JPG,S02-MCP1
2013OC,Z:\TransectTrailCamPics\FA13\SCT\S02-MCP1-FA13\Pull\S02-MCP1-FA13 (289).JPG,S02-MCP1
2013OC,Z:\TransectTrailCamPics\FA13\SCT\S03-JKP2-FA13\Check\S03-JKP2-FA13 (34).JPG,S03-JKP2
2013OC,Z:\TransectTrailCamPics\FA13\SCT\S03-LCP1-FA13\Check\S03-LCP1-FA13 (43).JPG,S03-LCP1
2013OC,Z:\TransectTrailCamPics\FA13\SCT\S03-JKP2-FA13\Pull\S03-JKP2-FA13 (122).JPG,S03-JKP2
2013OC,Z:\TransectTrailCamPics\FA13\SCT\S03-JKP2-FA13\Pull\S03-JKP2-FA13 (154).JPG,S03-JKP2
2013OC,Z:\TransectTrailCamPics\FA13\SCT\S03-JKP2-FA13\Pull\S03-JKP2-FA13 (158).JPG,S03-JKP2
2013OC,Z:\TransectTrailCamPics\FA13\SCT\S03-JKP2-FA13\Pull\S03-JKP2-FA13 (159).JPG,S03-JKP2
2014JA,Z:\TransectTrailCamPics\WI14\DPT\D02-JBS1\D02-JBS1-WI14 (152).JPG,D02-JBS1
2014JA,Z:\TransectTrailCamPics\WI14\DPT\D02-JBS1\D02-JBS1-WI14 (208).JPG,D02-JBS1
2013OC,Z:\TransectTrailCamPics\FA13\SCT\S04-HAP1-FA13\Check\S04-HAP1-FA13 (189).JPG,S04-HAP1
2013OC,Z:\TransectTrailCamPics\FA13\SCT\S04-OTW1-FA13\Check\S04-OTW1-FA13 (157).JPG,S04-OTW1
2013OC,Z:\TransectTrailCamPics\FA13\SCT\S04-OTW1-FA13\Check\S04-OTW1-FA13 (159).JPG,S04-OTW1
2013OC,Z:\TransectTrailCamPics\FA13\SCT\S04-OTW1-FA13\Pull\S04-OTW1-FA13 (323).JPG,S04-OTW1
2013OC,Z:\TransectTrailCamPics\FA13\SCT\S04-OTW1-FA13\Pull\S04-OTW1-FA13 (392).JPG,S04-OTW1
2013OC,Z:\TransectTrailCamPics\FA13\SCT\S04-OTW1-FA13\Pull\S04-OTW1-FA13 (393).JPG,S04-OTW1
2013OC,Z:\TransectTrailCamPics\FA13\SCT\S05-RES1-FA13\Pull\S05-RES1-FA13 (203).JPG,S05-RES1
2013OC,Z:\TransectTrailCamPics\FA13\SCT\S05-RES1-FA13\Pull\S05-RES1-FA13 (204).JPG,S05-RES1
2013OC,Z:\TransectTrailCamPics\FA13\SCT\S05-RES1-FA13\Pull\S05-RES1-FA13 (205).JPG,S05-RES1
2013OC,Z:\TransectTrailCamPics\FA13\SCT\S05-SFP2-FA13\Check\S05-SFP2-FA13 (102).JPG,S05-SFP2
2013OC,Z:\TransectTrailCamPics\FA13\SCT\S05-SFP2-FA13\Pull\S05-SFP2-FA13 (257).JPG,S05-SFP2
2013OC,Z:\TransectTrailCamPics\FA13\SCT\S05-SFP2-FA13\Check\S05-SFP2-FA13 (154).JPG,S05-SFP2
2013OC,Z:\TransectTrailCamPics\FA13\SCT\S05-SFP2-FA13\Check\S05-SFP2-FA13 (155).JPG,S05-SFP2
2013OC,Z:\TransectTrailCamPics\FA13\SCT\S05-SFP2-FA13\Check\S05-SFP2-FA13 (79).JPG,S05-SFP2
2013OC,Z:\TransectTrailCamPics\FA13\SCT\S05-SFP2-FA13\Check\S05-SFP2-FA13 (81).JPG,S05-SFP2
2013OC,Z:\TransectTrailCamPics\FA13\SCT\S07-SAG1-FA13\Pull\S07-SAG1-FA13 (35).JPG,S07-SAG1
2013OC,Z:\TransectTrailCamPics\FA13\SCT\S07-SAG1-FA13\Pull\S07-SAG1-FA13 (36).JPG,S07-SAG1
2013OC,Z:\TransectTrailCamPics\FA13\SCT\S07-STJ1-FA13\Check\S07-STJ1-FA13 (30).JPG,S07-STJ1
2013OC,Z:\TransectTrailCamPics\FA13\SCT\S06-CBW1-FA13\Check\S06-CBW1-FA13 (153).JPG,S06-CBW1
2013OC,Z:\TransectTrailCamPics\FA13\SCT\S06-CBW1-FA13\Pull\S06-CBW1-FA13 (268).JPG,S06-CBW1
2013OC,Z:\TransectTrailCamPics\FA13\SCT\S07-STJ1-FA13\Check\S07-STJ1-FA13 (10).JPG,S07-STJ1
2013OC,Z:\TransectTrailCamPics\FA13\SCT\S07-STJ1-FA13\Check\S07-STJ1-FA13 (68).JPG,S07-STJ1
2013OC,Z:\TransectTrailCamPics\FA13\SCT\S07-STJ1-FA13\Check\S07-STJ1-FA13 (7).JPG,S07-STJ1
2013OC,Z:\TransectTrailCamPics\FA13\SCT\S07-STJ1-FA13\Check\S07-STJ1-FA13 (8).JPG,S07-STJ1
2013OC,Z:\TransectTrailCamPics\FA13\SCT\S07-STJ1-FA13\Check\S07-STJ1-FA13 (9).JPG,S07-STJ1
2013OC,Z:\TransectTrailCamPics\FA13\SCT\S07-STJ1-FA13\Pull\S07-STJ1-FA13 (100).JPG,S07-STJ1
2013OC,Z:\TransectTrailCamPics\FA13\SCT\S07-STJ1-FA13\Pull\S07-STJ1-FA13 (101).JPG,S07-STJ1
2013OC,Z:\TransectTrailCamPics\FA13\SCT\S07-STJ1-FA13\Pull\S07-STJ1-FA13 (116).JPG,S07-STJ1
2013OC,Z:\TransectTrailCamPics\FA13\SCT\S07-STJ1-FA13\Pull\S07-STJ1-FA13 (117).JPG,S07-STJ1
2013OC,Z:\TransectTrailCamPics\FA13\SCT\S07-STJ1-FA13\Pull\S07-STJ1-FA13 (122).JPG,S07-STJ1
2013OC,Z:\TransectTrailCamPics\FA13\SCT\S07-STJ1-FA13\Pull\S07-STJ1-FA13 (123).JPG,S07-STJ1
2013OC,Z:\TransectTrailCamPics\FA13\SCT\S07-STJ1-FA13\Pull\S07-STJ1-FA13 (124).JPG,S07-STJ1
2013OC,Z:\TransectTrailCamPics\FA13\SCT\S07-STJ1-FA13\Pull\S07-STJ1-FA13 (125).JPG,S07-STJ1
2013OC,Z:\TransectTrailCamPics\FA13\SCT\S07-STJ1-FA13\Pull\S07-STJ1-FA13 (126).JPG,S07-STJ1
2013OC,Z:\TransectTrailCamPics\FA13\SCT\S07-STJ1-FA13\Pull\S07-STJ1-FA13 (127).JPG,S07-STJ1
2013OC,Z:\TransectTrailCamPics\FA13\SCT\S07-STJ1-FA13\Pull\S07-STJ1-FA13 (128).JPG,S07-STJ1
2013OC,Z:\TransectTrailCamPics\FA13\SCT\S07-WGL2-FA13\Check\S07-WGL2-FA13 (64).JPG,S07-WGL2
2013OC,Z:\TransectTrailCamPics\FA13\SCT\S07-WGL2-FA13\Check\S07-WGL2-FA13 (65).JPG,S07-WGL2
2013OC,Z:\TransectTrailCamPics\FA13\SCT\S07-WGL2-FA13\Check\S07-WGL2-FA13 (67).JPG,S07-WGL2
2013OC,Z:\TransectTrailCamPics\FA13\SCT\S07-WGL2-FA13\Check\S07-WGL2-FA13 (68).JPG,S07-WGL2
2013OC,Z:\TransectTrailCamPics\FA13\SCT\S07-WGL2-FA13\Check\S07-WGL2-FA13 (70).JPG,S07-WGL2
2013OC,Z:\TransectTrailCamPics\FA13\SCT\S07-WGL2-FA13\Check\S07-WGL2-FA13 (71).JPG,S07-WGL2
2013OC,Z:\TransectTrailCamPics\FA13\SCT\S07-WGL2-FA13\Check\S07-WGL2-FA13 (72).JPG,S07-WGL2
2013OC,Z:\TransectTrailCamPics\FA13\SCT\S07-WGL2-FA13\Pull\S07-WGL2-FA13 (101).JPG,S07-WGL2
2013OC,Z:\TransectTrailCamPics\FA13\SCT\S07-WGL2-FA13\Pull\S07-WGL2-FA13 (116).JPG,S07-WGL2
2013OC,Z:\TransectTrailCamPics\FA13\SCT\S07-WGL2-FA13\Pull\S07-WGL2-FA13 (117).JPG,S07-WGL2
2013OC,Z:\TransectTrailCamPics\FA13\SCT\S07-WGL2-FA13\Pull\S07-WGL2-FA13 (118).JPG,S07-WGL2
2013OC,Z:\TransectTrailCamPics\FA13\SCT\S07-WGL2-FA13\Pull\S07-WGL2-FA13 (120).JPG,S07-WGL2
2013OC,Z:\TransectTrailCamPics\FA13\SCT\S07-WGL2-FA13\Pull\S07-WGL2-FA13 (89).JPG,S07-WGL2
2013OC,Z:\TransectTrailCamPics\FA13\SCT\S08-WGL1-FA13\Pull\S08-WGL1-FA13 (48).JPG,S08-WGL1
2013OC,Z:\TransectTrailCamPics\FA13\SCT\S08-WGL2-FA13\Pull\S08-WGL2-FA13 (654).JPG,S08-WGL2
2013OC,Z:\TransectTrailCamPics\FA13\SCT\S09-KTP1-FA13\Check\S09-KTP1-FA13 (21).JPG,S09-KTP1
2013OC,Z:\TransectTrailCamPics\FA13\SCT\S09-KTP1-FA13\Check\S09-KTP1-FA13 (26).JPG,S09-KTP1
2013OC,Z:\TransectTrailCamPics\FA13\SCT\S09-KTP1-FA13\Pull\S09-KTP1-FA13 (52).JPG,S09-KTP1
2013OC,Z:\TransectTrailCamPics\FA13\SCT\S10-ILC1-FA13\Pull\S10-ILC1-FA13 (214).JPG,S10-ILC1
2013OC,Z:\TransectTrailCamPics\FA13\SCT\S10-ILC1-FA13\Pull\S10-ILC1-FA13 (215).JPG,S10-ILC1
2013OC,Z:\TransectTrailCamPics\FA13\SCT\S10-LPP2-FA13\Check\S10-LPP2-FA13 (15).JPG,S10-LPP2
2013OC,Z:\TransectTrailCamPics\FA13\SCT\S10-LPP2-FA13\Check\S10-LPP2-FA13 (16).JPG,S10-LPP2
2013OC,Z:\TransectTrailCamPics\FA13\SCT\S10-LPP2-FA13\Check\S10-LPP2-FA13 (17).JPG,S10-LPP2
2013OC,Z:\TransectTrailCamPics\FA13\SCT\S10-LPP2-FA13\Check\S10-LPP2-FA13 (18).JPG,S10-LPP2
2013OC,Z:\TransectTrailCamPics\FA13\SCT\S10-LPP2-FA13\Check\S10-LPP2-FA13 (28).JPG,S10-LPP2
2013OC,Z:\TransectTrailCamPics\FA13\SCT\S10-LPP2-FA13\Check\S10-LPP2-FA13 (29).JPG,S10-LPP2
2013OC,Z:\TransectTrailCamPics\FA13\SCT\S10-LPC1-FA13\Check\S10-LPC1-FA13 (32).JPG,S10-LPC1
2013OC,Z:\TransectTrailCamPics\FA13\SCT\S10-LPC1-FA13\Check\S10-LPC1-FA13 (33).JPG,S10-LPC1
2013OC,Z:\TransectTrailCamPics\FA13\SCT\S10-LPC1-FA13\Check\S10-LPC1-FA13 (34).JPG,S10-LPC1
2013OC,Z:\TransectTrailCamPics\FA13\SCT\S10-LPC1-FA13\Check\S10-LPC1-FA13 (35).JPG,S10-LPC1
2013OC,Z:\TransectTrailCamPics\FA13\SCT\S10-LPC1-FA13\Check\S10-LPC1-FA13 (72).JPG,S10-LPC1
2013OC,Z:\TransectTrailCamPics\FA13\SCT\S10-LPC1-FA13\Check\S10-LPC1-FA13 (73).JPG,S10-LPC1
2013OC,Z:\TransectTrailCamPics\FA13\SCT\S10-LPC1-FA13\Check\S10-LPC1-FA13 (74).JPG,S10-LPC1
2013OC,Z:\TransectTrailCamPics\FA13\SCT\S10-LPP2-FA13\Check\S10-LPP2-FA13 (57).JPG,S10-LPP2
2013OC,Z:\TransectTrailCamPics\FA13\SCT\S10-LPP2-FA13\Check\S10-LPP2-FA13 (58).JPG,S10-LPP2
2014JA,Z:\TransectTrailCamPics\WI14\DPT\D02-JBS1\D02-JBS1-WI14 (232).JPG,D02-JBS1
2014JA,Z:\TransectTrailCamPics\WI14\DPT\D02-JBS1\D02-JBS1-WI14 (242).JPG,D02-JBS1
2013OC,Z:\TransectTrailCamPics\FA13\SCT\S10-LPP2-FA13\Pull\S10-LPP2-FA13 (73).JPG,S10-LPP2
2013OC,Z:\TransectTrailCamPics\FA13\SCT\S10-LPP2-FA13\Pull\S10-LPP2-FA13 (75).JPG,S10-LPP2
2013OC,Z:\TransectTrailCamPics\FA13\SCT\S10-LPP2-FA13\Pull\S10-LPP2-FA13 (76).JPG,S10-LPP2
2013OC,Z:\TransectTrailCamPics\FA13\SCT\S10-LPP2-FA13\Pull\S10-LPP2-FA13 (98).JPG,S10-LPP2
2014JA,Z:\TransectTrailCamPics\WI14\DPT\D02-JBS1\D02-JBS1-WI14 (82).JPG,D02-JBS1
2014JA,Z:\TransectTrailCamPics\WI14\DPT\D02-MDU1\D02-MDU1-WI14 (134).JPG,D02-MDU1
2014JA,Z:\TransectTrailCamPics\WI14\DPT\D02-MDU1\D02-MDU1-WI14 (137).JPG,D02-MDU1
2014JA,Z:\TransectTrailCamPics\WI14\DPT\D02-MDU1\D02-MDU1-WI14 (15).JPG,D02-MDU1
2014JA,Z:\TransectTrailCamPics\WI14\DPT\D02-MDU1\D02-MDU1-WI14 (16).JPG,D02-MDU1
2014JA,Z:\TransectTrailCamPics\WI14\DPT\D02-MDU1\D02-MDU1-WI14 (47).JPG,D02-MDU1
2014JA,Z:\TransectTrailCamPics\WI14\DPT\D02-MDU1\D02-MDU1-WI14 (60).JPG,D02-MDU1
2014JA,Z:\TransectTrailCamPics\WI14\DPT\D04-EVC1\Pull\D04-EVC1-WI14 (102).JPG,D04-EVC1
2014JA,Z:\TransectTrailCamPics\WI14\DPT\D04-ROS1\Pull\D04-ROS1-WI14 (842).JPG,D04-ROS1
2014JA,Z:\TransectTrailCamPics\WI14\DPT\D05-PRC1\Check\D05-PRC1-WI14 (26).JPG,D05-PRC1
2014JA,Z:\TransectTrailCamPics\WI14\DPT\D07-NOC1\D07-NOC1-WI14 (49).JPG,D07-NOC1
2014JA,Z:\TransectTrailCamPics\WI14\DPT\D09-CLG1\D09-CLG1-WI14 (12).JPG,D09-CLG1
2014JA,Z:\TransectTrailCamPics\WI14\JNT\J01-BBS1\Check\J01-BBS1-WI14 (10).JPG,J01-BBS1
2014JA,Z:\TransectTrailCamPics\WI14\JNT\J01-BBS1\Check\J01-BBS1-WI14 (11).JPG,J01-BBS1
2014JA,Z:\TransectTrailCamPics\WI14\JNT\J01-BBS1\Check\J01-BBS1-WI14 (12).JPG,J01-BBS1
2014JA,Z:\TransectTrailCamPics\WI14\JNT\J01-BBS1\Check\J01-BBS1-WI14 (13).JPG,J01-BBS1
2014JA,Z:\TransectTrailCamPics\WI14\JNT\J01-BBS1\Check\J01-BBS1-WI14 (16).JPG,J01-BBS1
2014JA,Z:\TransectTrailCamPics\WI14\JNT\J01-BBS1\Check\J01-BBS1-WI14 (7).JPG,J01-BBS1
2014JA,Z:\TransectTrailCamPics\WI14\JNT\J01-BBS1\Check\J01-BBS1-WI14 (8).JPG,J01-BBS1
2014JA,Z:\TransectTrailCamPics\WI14\JNT\J01-BBS1\Check\J01-BBS1-WI14 (9).JPG,J01-BBS1
2014JA,Z:\TransectTrailCamPics\WI14\RST\R03-CPG1\Check\R02-CPG1-WI14 (16).JPG,R03-CPG1
2014JA,Z:\TransectTrailCamPics\WI14\RST\R03-CPG1\Check\R02-CPG1-WI14 (18).JPG,R03-CPG1
2014JA,Z:\TransectTrailCamPics\WI14\RST\R03-CPG1\Check\R02-CPG1-WI14 (19).JPG,R03-CPG1
2014JA,Z:\TransectTrailCamPics\WI14\RST\R03-CPG1\Check\R02-CPG1-WI14 (23).JPG,R03-CPG1
2014JA,Z:\TransectTrailCamPics\WI14\RST\R05-MTC1\Check\R05-MTC1-WI14 (10).JPG,R05-MTC1
2014JA,Z:\TransectTrailCamPics\WI14\RST\R05-MTC1\Check\R05-MTC1-WI14 (12).JPG,R05-MTC1
2014JA,Z:\TransectTrailCamPics\WI14\RST\R05-MTC1\Check\R05-MTC1-WI14 (13).JPG,R05-MTC1
2014JA,Z:\TransectTrailCamPics\WI14\RST\R05-MTC1\Check\R05-MTC1-WI14 (14).JPG,R05-MTC1
2014JA,Z:\TransectTrailCamPics\WI14\RST\R05-MTC1\Check\R05-MTC1-WI14 (18).JPG,R05-MTC1
2014JA,Z:\TransectTrailCamPics\WI14\RST\R05-MTC1\Check\R05-MTC1-WI14 (19).JPG,R05-MTC1
2014JA,Z:\TransectTrailCamPics\WI14\RST\R05-MTC1\Check\R05-MTC1-WI14 (21).JPG,R05-MTC1
2014JA,Z:\TransectTrailCamPics\WI14\RST\R05-MTC1\Check\R05-MTC1-WI14 (22).JPG,R05-MTC1
2014JA,Z:\TransectTrailCamPics\WI14\RST\R05-MTC1\Pull\R05-MTC1-WI14 (30).JPG,R05-MTC1
2014JA,Z:\TransectTrailCamPics\WI14\RST\R05-MTC1\Pull\R05-MTC1-WI14 (31).JPG,R05-MTC1
2014JA,Z:\TransectTrailCamPics\WI14\RST\R05-MTC1\Pull\R05-MTC1-WI14 (33).JPG,R05-MTC1
2014JA,Z:\TransectTrailCamPics\WI14\RST\R06-OTB1\Check\R06-OTB1-WI14 (2000).JPG,R06-OTB1
2014JA,Z:\TransectTrailCamPics\WI14\RST\R06-OTB1\Check\R06-OTB1-WI14 (2001).JPG,R06-OTB1
2014JA,Z:\TransectTrailCamPics\WI14\RST\R06-OTB1\Check\R06-OTB1-WI14 (44).JPG,R06-OTB1
2014JA,Z:\TransectTrailCamPics\WI14\RST\R06-OTB1\Check\R06-OTB1-WI14 (46).JPG,R06-OTB1
2014JA,Z:\TransectTrailCamPics\WI14\RST\R06-OTB1\Check\R06-OTB1-WI14 (47).JPG,R06-OTB1
2014JA,Z:\TransectTrailCamPics\WI14\RST\R06-OTB1\Check\R06-OTB1-WI14 (48).JPG,R06-OTB1
2014JA,Z:\TransectTrailCamPics\WI14\RST\R06-OTB1\Check\R06-OTB1-WI14 (49).JPG,R06-OTB1
2014JA,Z:\TransectTrailCamPics\WI14\RST\R06-OTB1\Check\R06-OTB1-WI14 (50).JPG,R06-OTB1
2014JA,Z:\TransectTrailCamPics\WI14\RST\R06-OTB1\Check\R06-OTB1-WI14 (51).JPG,R06-OTB1
2014JA,Z:\TransectTrailCamPics\WI14\RST\R06-OTB1\Check\R06-OTB1-WI14 (52).JPG,R06-OTB1
2014JA,Z:\TransectTrailCamPics\WI14\RST\R06-OTB1\Check\R06-OTB1-WI14 (56).JPG,R06-OTB1
2014JA,Z:\TransectTrailCamPics\WI14\RST\R06-OTB1\Check\R06-OTB1-WI14 (57).JPG,R06-OTB1
2014JA,Z:\TransectTrailCamPics\WI14\RST\R06-OTB1\Check\R06-OTB1-WI14 (59).JPG,R06-OTB1
2014JA,Z:\TransectTrailCamPics\WI14\RST\R06-OTB1\Check\R06-OTB1-WI14 (79).JPG,R06-OTB1
2014JA,Z:\TransectTrailCamPics\WI14\RST\R06-OTB1\Check\R06-OTB1-WI14 (80).JPG,R06-OTB1
2014JA,Z:\TransectTrailCamPics\WI14\RST\R06-OTB1\Check\R06-OTB1-WI14 (81).JPG,R06-OTB1
2014JA,Z:\TransectTrailCamPics\WI14\RST\R06-OTB1\Check\R06-OTB1-WI14 (84).JPG,R06-OTB1
2014JA,Z:\TransectTrailCamPics\WI14\RST\R06-OTB1\Pull\R06-OTB1-WI14 (2222).JPG,R06-OTB1
2014JA,Z:\TransectTrailCamPics\WI14\RST\R06-OTB1\Pull\R06-OTB1-WI14 (2223).JPG,R06-OTB1
2014JA,Z:\TransectTrailCamPics\WI14\RST\R06-OTB1\Pull\R06-OTB1-WI14 (2224).JPG,R06-OTB1
2014JA,Z:\TransectTrailCamPics\WI14\RST\R06-OTB1\Pull\R06-OTB1-WI14 (2227).JPG,R06-OTB1
2014JA,Z:\TransectTrailCamPics\WI14\RST\R06-SLT2\Pull\R06-SLT2-WI14 (30).JPG,R06-SLT2
2014JA,Z:\TransectTrailCamPics\WI14\RST\R06-SLT2\Pull\R06-SLT2-WI14 (31).JPG,R06-SLT2
2014JA,Z:\TransectTrailCamPics\WI14\RST\R06-SLT2\Pull\R06-SLT2-WI14 (32).JPG,R06-SLT2
2014JA,Z:\TransectTrailCamPics\WI14\RST\R06-SLT2\Pull\R06-SLT2-WI14 (36).JPG,R06-SLT2
2014JA,Z:\TransectTrailCamPics\WI14\RST\R06-SLT2\Pull\R06-SLT2-WI14 (37).JPG,R06-SLT2
2014JA,Z:\TransectTrailCamPics\WI14\RST\R06-SLT2\Pull\R06-SLT2-WI14 (38).JPG,R06-SLT2
2014JA,Z:\TransectTrailCamPics\WI14\RST\R06-SLT2\Pull\R06-SLT2-WI14 (39).JPG,R06-SLT2
2014JA,Z:\TransectTrailCamPics\WI14\RST\R06-SLT2\Pull\R06-SLT2-WI14 (40).JPG,R06-SLT2
2014JA,Z:\TransectTrailCamPics\WI14\RST\R06-SLT2\Check\R06-SLT2-WI14 (14).JPG,R06-SLT2
2014JA,Z:\TransectTrailCamPics\WI14\RST\R06-SLT2\Check\R06-SLT2-WI14 (15).JPG,R06-SLT2
2014JA,Z:\TransectTrailCamPics\WI14\RST\R06-SLT2\Check\R06-SLT2-WI14 (16).JPG,R06-SLT2
2014JA,Z:\TransectTrailCamPics\WI14\RST\R06-SLT2\Check\R06-SLT2-WI14 (18).JPG,R06-SLT2
2014JA,Z:\TransectTrailCamPics\WI14\RST\R07-GOF1\R07-GOF1-WI14 (47).JPG,R07-GOF1
2014JA,Z:\TransectTrailCamPics\WI14\RST\R07-GOF1\R07-GOF1-WI14 (51).JPG,R07-GOF1
2014JA,Z:\TransectTrailCamPics\WI14\RST\R07-GOF1\R07-GOF1-WI14 (52).JPG,R07-GOF1
2014JA,Z:\TransectTrailCamPics\WI14\RST\R07-GOF1\R07-GOF1-WI14 (53).JPG,R07-GOF1
2014JA,Z:\TransectTrailCamPics\WI14\RST\R07-GOF1\R07-GOF1-WI14 (54).JPG,R07-GOF1
2014JA,Z:\TransectTrailCamPics\WI14\RST\R07-GOF1\R07-GOF1-WI14 (55).JPG,R07-GOF1
2014JA,Z:\TransectTrailCamPics\WI14\RST\R07-GOF1\R07-GOF1-WI14 (56).JPG,R07-GOF1
2014JA,Z:\TransectTrailCamPics\WI14\RST\R07-GOF1\R07-GOF1-WI14 (57).JPG,R07-GOF1
2014JA,Z:\TransectTrailCamPics\WI14\RST\R07-GOF1\R07-GOF1-WI14 (60).JPG,R07-GOF1
2014JA,Z:\TransectTrailCamPics\WI14\RST\R08-DAP1\Check\R08-DAP1-WI14 (13).JPG,R08-DAP1
2014JA,Z:\TransectTrailCamPics\WI14\RST\R08-DAP1\Pull\R08-DAP1-WI14 (37).JPG,R08-DAP1
2014JA,Z:\TransectTrailCamPics\WI14\RST\R08-WBK1\Check\R08-WBK1-WI14 (9).JPG,R08-WBK1
2014JA,Z:\TransectTrailCamPics\WI14\RST\R08-WBK1\Pull\R08-WBK1-WI14 (27).JPG,R08-WBK1
2014JA,Z:\TransectTrailCamPics\WI14\RST\R08-WBK1\Pull\R08-WBK1-WI14 (28).JPG,R08-WBK1
2014JA,Z:\TransectTrailCamPics\WI14\RST\R08-WBK1\Pull\R08-WBK1-WI14 (29).JPG,R08-WBK1
2014JA,Z:\TransectTrailCamPics\WI14\RST\R08-WBK1\Pull\R08-WBK1-WI14 (30).JPG,R08-WBK1
2014JA,Z:\TransectTrailCamPics\WI14\RST\R08-WBK1\Pull\R08-WBK1-WI14 (31).JPG,R08-WBK1
2014JA,Z:\TransectTrailCamPics\WI14\RST\R08-WBK1\Pull\R08-WBK1-WI14 (43).JPG,R08-WBK1
2014JA,Z:\TransectTrailCamPics\WI14\RST\R08-WBK1\Check\R08-WBK1-WI14 (10).JPG,R08-WBK1
2014JA,Z:\TransectTrailCamPics\WI14\RST\R08-WBK1\Check\R08-WBK1-WI14 (12).JPG,R08-WBK1
2014JA,Z:\TransectTrailCamPics\WI14\RST\R08-WBK1\Check\R08-WBK1-WI14 (13).JPG,R08-WBK1
2014JA,Z:\TransectTrailCamPics\WI14\RST\R08-WBK1\Check\R08-WBK1-WI14 (14).JPG,R08-WBK1
2014JA,Z:\TransectTrailCamPics\WI14\RST\R08-WBK1\Check\R08-WBK1-WI14 (15).JPG,R08-WBK1
2014JA,Z:\TransectTrailCamPics\WI14\RST\R08-WBK1\Pull\R08-WBK1-WI14 (44).JPG,R08-WBK1
2014JA,Z:\TransectTrailCamPics\WI14\RST\R08-WBK1\Pull\R08-WBK1-WI14 (45).JPG,R08-WBK1
2014JA,Z:\TransectTrailCamPics\WI14\RST\R08-WBK1\Pull\R08-WBK1-WI14 (46).JPG,R08-WBK1
2014JA,Z:\TransectTrailCamPics\WI14\RST\R08-WBK1\Pull\R08-WBK1-WI14 (47).JPG,R08-WBK1
2014JA,Z:\TransectTrailCamPics\WI14\RST\R08-WBK1\Pull\R08-WBK1-WI14 (49).JPG,R08-WBK1
2014JA,Z:\TransectTrailCamPics\WI14\RST\R08-WBK1\Pull\R08-WBK1-WI14 (50).JPG,R08-WBK1
2014JA,Z:\TransectTrailCamPics\WI14\RST\R08-WBK1\Pull\R08-WBK1-WI14 (51).JPG,R08-WBK1
2014JA,Z:\TransectTrailCamPics\WI14\RST\R09-BLW1\Check\R09-BLW1-WI14 (16).JPG,R09-BLW1
2014JA,Z:\TransectTrailCamPics\WI14\RST\R09-BLW1\Check\R09-BLW1-WI14 (22).JPG,R09-BLW1
2014JA,Z:\TransectTrailCamPics\WI14\RST\R10-FRM1\Check\R10-FRM1-WI14 (20).JPG,R10-FRM1
2014JA,Z:\TransectTrailCamPics\WI14\RST\R10-WCP3\R10-WCP3-WI14 (39).JPG,R10-WCP3
2014JA,Z:\TransectTrailCamPics\WI14\RST\R10-WCP3\R10-WCP3-WI14 (40).JPG,R10-WCP3
2014JA,Z:\TransectTrailCamPics\WI14\RST\R10-WCP3\R10-WCP3-WI14 (41).JPG,R10-WCP3
2014JA,Z:\TransectTrailCamPics\WI14\RST\R10-WDW1\Pull\R10-WDW1-WI14 (35).JPG,R10-WDW1
2014JA,Z:\TransectTrailCamPics\WI14\SCT\S02-BNS1\Check\S02-BNS1-WI14 (15).JPG,S02-BNS1
2014JA,Z:\TransectTrailCamPics\WI14\RST\R10-FRM1\Pull\R10-FRM1-WI14 (36).JPG,R10-FRM1
2014JA,Z:\TransectTrailCamPics\WI14\RST\R10-FRM1\Pull\R10-FRM1-WI14 (37).JPG,R10-FRM1
2014JA,Z:\TransectTrailCamPics\WI14\RST\R10-FRM1\Pull\R10-FRM1-WI14 (38).JPG,R10-FRM1
2014JA,Z:\TransectTrailCamPics\WI14\RST\R10-FRM1\Pull\R10-FRM1-WI14 (39).JPG,R10-FRM1
2014JA,Z:\TransectTrailCamPics\WI14\RST\R10-FRM2\Pull\R10-FRM2-WI14 (34).JPG,R10-FRM2
2014JA,Z:\TransectTrailCamPics\WI14\RST\R10-FRM2\Pull\R10-FRM2-WI14 (35).JPG,R10-FRM2
2014JA,Z:\TransectTrailCamPics\WI14\RST\R10-FRM2\Pull\R10-FRM2-WI14 (37).JPG,R10-FRM2
2014JA,Z:\TransectTrailCamPics\WI14\RST\R10-FRM2\Pull\R10-FRM2-WI14 (38).JPG,R10-FRM2
2014JA,Z:\TransectTrailCamPics\WI14\RST\R10-FRM2\Pull\R10-FRM2-WI14 (39).JPG,R10-FRM2
2014JA,Z:\TransectTrailCamPics\WI14\RST\R10-FRM2\Pull\R10-FRM2-WI14 (40).JPG,R10-FRM2
2014JA,Z:\TransectTrailCamPics\WI14\RST\R10-FRM2\Pull\R10-FRM2-WI14 (41).JPG,R10-FRM2
2014JA,Z:\TransectTrailCamPics\WI14\RST\R10-FRM2\Pull\R10-FRM2-WI14 (42).JPG,R10-FRM2
2014JA,Z:\TransectTrailCamPics\WI14\RST\R10-WCP3\R10-WCP3-WI14 (11).JPG,R10-WCP3
2014JA,Z:\TransectTrailCamPics\WI14\RST\R10-WCP3\R10-WCP3-WI14 (14).JPG,R10-WCP3
2014JA,Z:\TransectTrailCamPics\WI14\RST\R10-WCP3\R10-WCP3-WI14 (16).JPG,R10-WCP3
2014JA,Z:\TransectTrailCamPics\WI14\RST\R10-WCP3\R10-WCP3-WI14 (17).JPG,R10-WCP3
2014JA,Z:\TransectTrailCamPics\WI14\RST\R10-WCP3\R10-WCP3-WI14 (19).JPG,R10-WCP3
2014JA,Z:\TransectTrailCamPics\WI14\RST\R10-WCP3\R10-WCP3-WI14 (20).JPG,R10-WCP3
2014JA,Z:\TransectTrailCamPics\WI14\RST\R10-WCP3\R10-WCP3-WI14 (21).JPG,R10-WCP3
2014JA,Z:\TransectTrailCamPics\WI14\RST\R10-WCP3\R10-WCP3-WI14 (24).JPG,R10-WCP3
2014JA,Z:\TransectTrailCamPics\WI14\RST\R10-WCP3\R10-WCP3-WI14 (25).JPG,R10-WCP3
2014JA,Z:\TransectTrailCamPics\WI14\SCT\S02-CPR1\Check\S02-CPR1-WI14 (1896).JPG,S02-CPR1
2014JA,Z:\TransectTrailCamPics\WI14\SCT\S02-CPR1\Pull\S02-CPR1-WI14 (2217).JPG,S02-CPR1
2014JA,Z:\TransectTrailCamPics\WI14\SCT\S02-CPR1\Pull\S02-CPR1-WI14 (2218).JPG,S02-CPR1
2014JA,Z:\TransectTrailCamPics\WI14\SCT\S02-CPR1\Pull\S02-CPR1-WI14 (2219).JPG,S02-CPR1
2014JA,Z:\TransectTrailCamPics\WI14\SCT\S02-CPR1\Pull\S02-CPR1-WI14 (2220).JPG,S02-CPR1
2014JA,Z:\TransectTrailCamPics\WI14\SCT\S02-CPR1\Pull\S02-CPR1-WI14 (2221).JPG,S02-CPR1
2014JA,Z:\TransectTrailCamPics\WI14\SCT\S02-CPR1\Pull\S02-CPR1-WI14 (2222).JPG,S02-CPR1
2014JA,Z:\TransectTrailCamPics\WI14\SCT\S04-OTW1\Check\S04-OTW1-WI14 (501).JPG,S04-OTW1
2014JA,Z:\TransectTrailCamPics\WI14\SCT\S04-OTW1\Check\S04-OTW1-WI14 (502).JPG,S04-OTW1
2014JA,Z:\TransectTrailCamPics\WI14\SCT\S04-OTW1\Check\S04-OTW1-WI14 (503).JPG,S04-OTW1
2014JA,Z:\TransectTrailCamPics\WI14\SCT\S04-OTW1\Check\S04-OTW1-WI14 (504).JPG,S04-OTW1
2014JA,Z:\TransectTrailCamPics\WI14\SCT\S05-SFP2\Pull\S05-SFP2-WI14 (2237).JPG,S05-SFP2
2014JA,Z:\TransectTrailCamPics\WI14\SCT\S05-SFP2\Pull\S05-SFP2-WI14 (2238).JPG,S05-SFP2
2014JA,Z:\TransectTrailCamPics\WI14\SCT\S05-SFP2\Pull\S05-SFP2-WI14 (2239).JPG,S05-SFP2
2014JA,Z:\TransectTrailCamPics\WI14\SCT\S07-SAG1\Pull\S07-SAG1-WI14 (15).JPG,S07-SAG1
2014JA,Z:\TransectTrailCamPics\WI14\SCT\S07-STJ1\Check\S07-STJ1-WI14 (1455).JPG,S07-STJ1
2014JA,Z:\TransectTrailCamPics\WI14\SCT\S07-STJ1\Check\S07-STJ1-WI14 (1456).JPG,S07-STJ1
2014JA,Z:\TransectTrailCamPics\WI14\SCT\S07-STJ1\Check\S07-STJ1-WI14 (1457).JPG,S07-STJ1
2014JA,Z:\TransectTrailCamPics\WI14\SCT\S07-STJ1\Check\S07-STJ1-WI14 (1458).JPG,S07-STJ1
2014JA,Z:\TransectTrailCamPics\WI14\SCT\S07-STJ1\Check\S07-STJ1-WI14 (1459).JPG,S07-STJ1
2014JA,Z:\TransectTrailCamPics\WI14\SCT\S07-STJ1\Check\S07-STJ1-WI14 (1460).JPG,S07-STJ1
2014JA,Z:\TransectTrailCamPics\WI14\SCT\S07-STJ1\Check\S07-STJ1-WI14 (1461).JPG,S07-STJ1
2014JA,Z:\TransectTrailCamPics\WI14\SCT\S10-ILC1\Check\S10-ILC1-WI14 (18).JPG,S10-ILC1
2014JA,Z:\TransectTrailCamPics\WI14\SCT\S10-LPP2\Check\S10-LPP2-WI14 (26).JPG,S10-LPP2
2014JA,Z:\TransectTrailCamPics\WI14\SCT\S10-LPP2\Check\S10-LPP2-WI14 (28).JPG,S10-LPP2
2014JA,Z:\TransectTrailCamPics\WI14\SCT\S10-LPP2\Check\S10-LPP2-WI14 (32).JPG,S10-LPP2
2014JA,Z:\TransectTrailCamPics\WI14\SCT\S10-LPP2\Check\S10-LPP2-WI14 (33).JPG,S10-LPP2
2014JA,Z:\TransectTrailCamPics\WI14\SCT\S10-LPP2\Check\S10-LPP2-WI14 (34).JPG,S10-LPP2
2014JA,Z:\TransectTrailCamPics\WI14\SCT\S10-LPP2\Check\S10-LPP2-WI14 (35).JPG,S10-LPP2
2014JA,Z:\TransectTrailCamPics\WI14\SCT\S10-LPP2\Check\S10-LPP2-WI14 (39).JPG,S10-LPP2
2014JA,Z:\TransectTrailCamPics\WI14\SCT\S07-STJ1\Pull\S07-STJ1-WI14 (2226).JPG,S07-STJ1
2014JA,Z:\TransectTrailCamPics\WI14\SCT\S07-WGL2\Check\S07-WGL2-WI14 (15).JPG,S07-WGL2
2014JA,Z:\TransectTrailCamPics\WI14\SCT\S07-WGL2\Check\S07-WGL2-WI14 (16).JPG,S07-WGL2
2014JA,Z:\TransectTrailCamPics\WI14\SCT\S07-WGL2\Check\S07-WGL2-WI14 (17).JPG,S07-WGL2
2014JA,Z:\TransectTrailCamPics\WI14\SCT\S07-WGL2\Check\S07-WGL2-WI14 (18).JPG,S07-WGL2
2014JA,Z:\TransectTrailCamPics\WI14\SCT\S08-WGL1\Check\S08-WGL1-WI14 (15).JPG,S08-WGL1
2014JA,Z:\TransectTrailCamPics\WI14\SCT\S08-WGL1\Check\S08-WGL1-WI14 (16).JPG,S08-WGL1
2014JA,Z:\TransectTrailCamPics\WI14\SCT\S08-WGL1\Check\S08-WGL1-WI14 (17).JPG,S08-WGL1
2014JA,Z:\TransectTrailCamPics\WI14\SCT\S08-WGL1\Check\S08-WGL1-WI14 (18).JPG,S08-WGL1
2014JA,Z:\TransectTrailCamPics\WI14\SCT\S08-WGL1\Check\S08-WGL1-WI14 (19).JPG,S08-WGL1
2014JA,Z:\TransectTrailCamPics\WI14\SCT\S08-WGL1\Check\S08-WGL1-WI14 (20).JPG,S08-WGL1
2014JA,Z:\TransectTrailCamPics\WI14\SCT\S08-WGL1\Check\S08-WGL1-WI14 (21).JPG,S08-WGL1
2014JA,Z:\TransectTrailCamPics\WI14\SCT\S08-WGL1\Check\S08-WGL1-WI14 (24).JPG,S08-WGL1
2014JA,Z:\TransectTrailCamPics\WI14\SCT\S08-WGL1\Check\S08-WGL1-WI14 (25).JPG,S08-WGL1
2014JA,Z:\TransectTrailCamPics\WI14\SCT\S08-WGL1\Pull\S08-WGL1-WI14 (63).JPG,S08-WGL1
2014JA,Z:\TransectTrailCamPics\WI14\SCT\S08-WGL1\Pull\S08-WGL1-WI14 (64).JPG,S08-WGL1
2014JA,Z:\TransectTrailCamPics\WI14\SCT\S08-WGL1\Pull\S08-WGL1-WI14 (65).JPG,S08-WGL1
2014JA,Z:\TransectTrailCamPics\WI14\SCT\S08-WGL1\Pull\S08-WGL1-WI14 (66).JPG,S08-WGL1
2014JA,Z:\TransectTrailCamPics\WI14\SCT\S08-WGL1\Pull\S08-WGL1-WI14 (67).JPG,S08-WGL1
2014JA,Z:\TransectTrailCamPics\WI14\SCT\S08-WGL1\Pull\S08-WGL1-WI14 (73).JPG,S08-WGL1
2014JA,Z:\TransectTrailCamPics\WI14\SCT\S08-WGL1\Pull\S08-WGL1-WI14 (75).JPG,S08-WGL1
2014JA,Z:\TransectTrailCamPics\WI14\SCT\S09-SMC1\Check\S09-SMC1-WI14 (39).JPG,S09-SMC1
2014JA,Z:\TransectTrailCamPics\WI14\SCT\S10-LPP2\Check\S10-LPP2-WI14 (25).JPG,S10-LPP2
2013OC,Z:\TransectTrailCamPics\FA13\SCT\S05-LNC1-FA13\S05-LNC1-FA13 (29).JPG,S05-LNC1
2013OC,Z:\TransectTrailCamPics\FA13\SCT\S05-LNC1-FA13\S05-LNC1-FA13 (30).JPG,S05-LNC1
2013OC,Z:\TransectTrailCamPics\FA13\SCT\S05-LNC1-FA13\S05-LNC1-FA13 (62).JPG,S05-LNC1
2013OC,Z:\TransectTrailCamPics\FA13\DPT\D02-RCP1-FA13\Check\D02-RCP1-FA13 (202).JPG,D02-RCP1
2013OC,Z:\TransectTrailCamPics\FA13\DPT\D02-RCP1-FA13\Check\D02-RCP1-FA13 (279).JPG,D02-RCP1
2013OC,Z:\TransectTrailCamPics\FA13\DPT\D02-RCP1-FA13\Check\D02-RCP1-FA13 (326).JPG,D02-RCP1
2013OC,Z:\TransectTrailCamPics\FA13\DPT\D02-RCP1-FA13\Check\D02-RCP1-FA13 (327).JPG,D02-RCP1
2013OC,Z:\TransectTrailCamPics\FA13\DPT\D02-RCP1-FA13\Check\D02-RCP1-FA13 (365).JPG,D02-RCP1
2013OC,Z:\TransectTrailCamPics\FA13\DPT\D02-RCP1-FA13\Check\D02-RCP1-FA13 (366).JPG,D02-RCP1
2013OC,Z:\TransectTrailCamPics\FA13\DPT\D02-RCP1-FA13\Check\D02-RCP1-FA13 (367).JPG,D02-RCP1
2013OC,Z:\TransectTrailCamPics\FA13\DPT\D02-RCP1-FA13\Check\D02-RCP1-FA13 (368).JPG,D02-RCP1
2013OC,Z:\TransectTrailCamPics\FA13\DPT\D02-RCP1-FA13\Check\D02-RCP1-FA13 (369).JPG,D02-RCP1
2013OC,Z:\TransectTrailCamPics\FA13\DPT\D02-RCP1-FA13\Check\D02-RCP1-FA13 (86).JPG,D02-RCP1
2013OC,Z:\TransectTrailCamPics\FA13\DPT\D02-RCP1-FA13\Check\D02-RCP1-FA13 (87).JPG,D02-RCP1
2013OC,Z:\TransectTrailCamPics\FA13\DPT\D02-RCP1-FA13\Check\D02-RCP1-FA13 (88).JPG,D02-RCP1
2013OC,Z:\TransectTrailCamPics\FA13\DPT\D02-RCP1-FA13\Check\D02-RCP1-FA13 (89).JPG,D02-RCP1
2013OC,Z:\TransectTrailCamPics\FA13\DPT\D02-RCP1-FA13\Check\D02-RCP1-FA13 (90).JPG,D02-RCP1
2013OC,Z:\TransectTrailCamPics\FA13\DPT\D02-RCP1-FA13\Pull\D02-RCP1-FA13 (473).JPG,D02-RCP1
2013OC,Z:\TransectTrailCamPics\FA13\DPT\D02-RCP1-FA13\Pull\D02-RCP1-FA13 (474).JPG,D02-RCP1
2013OC,Z:\TransectTrailCamPics\FA13\DPT\D02-RCP1-FA13\Pull\D02-RCP1-FA13 (504).JPG,D02-RCP1
2013OC,Z:\TransectTrailCamPics\FA13\DPT\D08-CCC1-FA13\Check\D08-CCC1-FA13 (227).JPG,D08-CCC1
2013OC,Z:\TransectTrailCamPics\FA13\DPT\D08-CCC1-FA13\Check\D08-CCC1-FA13 (228).JPG,D08-CCC1
2013OC,Z:\TransectTrailCamPics\FA13\DPT\D08-CCC1-FA13\Check\D08-CCC1-FA13 (232).JPG,D08-CCC1
2013OC,Z:\TransectTrailCamPics\FA13\DPT\D08-CCC1-FA13\Check\D08-CCC1-FA13 (233).JPG,D08-CCC1
2013OC,Z:\TransectTrailCamPics\FA13\DPT\D08-CCC1-FA13\Check\D08-CCC1-FA13 (234).JPG,D08-CCC1
2013OC,Z:\TransectTrailCamPics\FA13\DPT\D08-CCC1-FA13\Check\D08-CCC1-FA13 (235).JPG,D08-CCC1
2013OC,Z:\TransectTrailCamPics\FA13\DPT\D08-CCC1-FA13\Check\D08-CCC1-FA13 (236).JPG,D08-CCC1
2013OC,Z:\TransectTrailCamPics\FA13\DPT\D08-CCC1-FA13\Check\D08-CCC1-FA13 (237).JPG,D08-CCC1
2013OC,Z:\TransectTrailCamPics\FA13\DPT\D08-CCC1-FA13\Check\D08-CCC1-FA13 (238).JPG,D08-CCC1
2013OC,Z:\TransectTrailCamPics\FA13\DPT\D08-CCC1-FA13\Check\D08-CCC1-FA13 (239).JPG,D08-CCC1
2013OC,Z:\TransectTrailCamPics\FA13\DPT\D08-CCC1-FA13\Check\D08-CCC1-FA13 (246).JPG,D08-CCC1
2013OC,Z:\TransectTrailCamPics\FA13\DPT\D08-CCC1-FA13\Check\D08-CCC1-FA13 (248).JPG,D08-CCC1
2013OC,Z:\TransectTrailCamPics\FA13\DPT\D08-CCC1-FA13\Check\D08-CCC1-FA13 (249).JPG,D08-CCC1
2013OC,Z:\TransectTrailCamPics\FA13\RST\R08-VLG1-FA13\R08-VLG1-FA13 (34).JPG,R08-VLG1
2013OC,Z:\TransectTrailCamPics\FA13\RST\R08-VLG1-FA13\R08-VLG1-FA13 (5).JPG,R08-VLG1
2013OC,Z:\TransectTrailCamPics\FA13\RST\R08-VLG1-FA13\R08-VLG1-FA13 (7).JPG,R08-VLG1
2013OC,Z:\TransectTrailCamPics\FA13\DPT\D08-CCC1-FA13\Pull\D08-CCC1-FA13 (277).JPG,D08-CCC1
2013OC,Z:\TransectTrailCamPics\FA13\DPT\D08-CCC1-FA13\Pull\D08-CCC1-FA13 (278).JPG,D08-CCC1
2013OC,Z:\TransectTrailCamPics\FA13\DPT\D08-CCC1-FA13\Pull\D08-CCC1-FA13 (280).JPG,D08-CCC1
2013OC,Z:\TransectTrailCamPics\FA13\DPT\D08-CCC1-FA13\Pull\D08-CCC1-FA13 (281).JPG,D08-CCC1
2013OC,Z:\TransectTrailCamPics\FA13\DPT\D08-CCC1-FA13\Pull\D08-CCC1-FA13 (305).JPG,D08-CCC1
2013OC,Z:\TransectTrailCamPics\FA13\DPT\D08-CCC1-FA13\Pull\D08-CCC1-FA13 (351).JPG,D08-CCC1
2013OC,Z:\TransectTrailCamPics\FA13\DPT\D08-CCC1-FA13\Pull\D08-CCC1-FA13 (366).JPG,D08-CCC1
2013OC,Z:\TransectTrailCamPics\FA13\DPT\D08-CCC1-FA13\Pull\D08-CCC1-FA13 (369).JPG,D08-CCC1
2014JA,Z:\TransectTrailCamPics\WI14\RST\R07-MMP1\Check\R07-MMP1-WI14 (11).JPG,R07-MMP1
2014JA,Z:\TransectTrailCamPics\WI14\RST\R07-MMP1\Check\R07-MMP1-WI14 (28).JPG,R07-MMP1
2014JA,Z:\TransectTrailCamPics\WI14\RST\R08-PAP1\Check\R08-PAP1-WI14 (11).JPG,R08-PAP1
2014JA,Z:\TransectTrailCamPics\WI14\RST\R08-PAP1\Check\R08-PAP1-WI14 (12).JPG,R08-PAP1
2014JA,Z:\TransectTrailCamPics\WI14\RST\R08-PAP1\Check\R08-PAP1-WI14 (13).JPG,R08-PAP1
2014JA,Z:\TransectTrailCamPics\WI14\RST\R08-PAP1\Check\R08-PAP1-WI14 (15).JPG,R08-PAP1
